item_name,2026-02-22,2026-02-23,2026-02-24,2026-02-25,2026-02-26,2026-02-27,2026-02-28,2026-03-01,2026-03-02,2026-03-03,2026-03-04,2026-03-05,2026-03-06,2026-03-07,2026-03-08,2026-03-09,2026-03-10,2026-03-11,2026-03-12,2026-03-13,2026-03-14,2026-03-15,2026-03-16,2026-03-17,2026-03-18,2026-03-19,2026-03-20,2026-03-21,2026-03-22,2026-03-23,2026-03-24,2026-03-25,2026-03-26,2026-03-27,2026-03-28,2026-03-29,2026-03-30,2026-03-31,2026-04-01,2026-04-02,2026-04-03,2026-04-04,2026-04-05,2026-04-06,2026-04-07,2026-04-08,2026-04-09,2026-04-10,2026-04-11,2026-04-12,2026-04-13,2026-04-14,2026-04-15,2026-04-16,2026-04-17,2026-04-18,2026-04-19,2026-04-20,2026-04-21,2026-04-22,2026-04-23,2026-04-24,2026-04-25,2026-04-26,2026-04-27,2026-04-28,2026-04-29,2026-04-30,2026-05-01,2026-05-02,2026-05-03,2026-05-04,2026-05-05,2026-05-06,2026-05-07,2026-05-08,2026-05-09,2026-05-10,2026-05-11,2026-05-12,2026-05-13,2026-05-14,2026-05-15,2026-05-16,2026-05-17,2026-05-18,2026-05-19,2026-05-20,2026-05-21,2026-05-22,2026-05-23,2026-05-24,2026-05-25,2026-05-26,2026-05-27,2026-05-28,2026-05-29,2026-05-30,2026-05-31,2026-06-01,2026-06-02,2026-06-03,2026-06-04,2026-06-05,2026-06-06,2026-06-07,2026-06-08,2026-06-09,2026-06-10,2026-06-11,2026-06-12,2026-06-13,2026-06-14,2026-06-15,2026-06-16,2026-06-17,2026-06-18,2026-06-19,2026-06-20,2026-06-21,2026-06-22,2026-06-23,2026-06-24,2026-06-25,2026-06-26,2026-06-27,2026-06-28,2026-06-29,2026-06-30,2026-07-01,2026-07-02,2026-07-03,2026-07-04,2026-07-05,2026-07-06,2026-07-07,2026-07-08,2026-07-09,2026-07-10,2026-07-11,2026-07-12,2026-07-13,2026-07-14,2026-07-15,2026-07-16,2026-07-17,2026-07-18,2026-07-19,2026-07-20,2026-07-21,2026-07-22,2026-07-23,2026-07-24,2026-07-25,2026-07-26,2026-07-27,2026-07-28,2026-07-29,2026-07-30,2026-07-31,2026-08-01,2026-08-02,2026-08-03,2026-08-04,2026-08-05,2026-08-06,2026-08-07,2026-08-08,2026-08-09,2026-08-10,2026-08-11,2026-08-12,2026-08-13,2026-08-14,2026-08-15,2026-08-16,2026-08-17,2026-08-18,2026-08-19,2026-08-20,2026-08-21,2026-08-22,2026-08-23,2026-08-24,2026-08-25,2026-08-26,2026-08-27,2026-08-28,2026-08-29,2026-08-30,2026-08-31,2026-09-01,2026-09-02,2026-09-03,2026-09-04,2026-09-05,2026-09-06,2026-09-07
각성 물약,116224.0,62301,58342,96455,72707,65335,84841,66403,54218,35954,93540,82278,81709,95516,74506,51325.0,33012.0,75495.0,79343.0,77353.0,86134.0,87776.0,70254.0,45289.0,155679.0,121743.0,102630.0,128771.0,116269.0,56830.0,52644.0,112021.0,81715,86400.0,94741.0,86663.0,50191.0,45597.0,110964.0,82177.0,78371.0,98756,55262.0,40615.0,44491.0,91914.0,82274.0,64820.0,64823.0,66790.0,34334.0,35683.0,88129,80996.0,75678.0,82808.0,56872.0,39698.0,38905.0,115719.0,87403.0,102141.0,107753.0,79540.0,53110.0,36009.0,64928.0,67338.0,72569.0,51545.0,54079.0,35787.0,46772.0,91834.0,93875.0,43362.0,64506.0,61545.0,38230.0,38281.0,115767.0,63591.0,54785.0,61583.0,73429.0,67086.0,43462,147116.0,151680,144336,222867,183078.0,161735.0,84083,110810.0,106181.0,111524,148982.0,149114,60618,60938.0,170215.0,86371.0,99537.0,103797.0,114978.0,51119.0,56466.0,97288.0,72129.0,85664.0,88284.0,86410,46175,48733,89541.0,75645.0,68887.0,93858.0,64023.0,40205.0,28596.0,34932.0,69641.0,45165.0,50339.0,64965.0,29263.0,34792.0,48303.0,62251.0,189430.0,112831.0,25930.0,30691.0,18242.0,39495.0,39257.0,37842.0,44132.0,44331.0,25732.0,27238.0,69804.0,66522.0,52305.0,95910.0,106608.0,25279.0,33479.0,66948.0,84251.0,48777.0,67552.0,63455.0,37510.0,50490.0,75718.0,126526.0,65439.0,68068.0,97439.0,73986.0,75708.0,178815.0,149593.0,165549.0,210533.0,151289.0,70823.0,63897.0,83125.0,78017.0,80721.0,89098.0,78495.0,64502.0,33720.0,71204.0,79581.0,87269.0,94861.0,83366.0,48199.0,40504.0,67138.0,76543.0,71127.0,83018.0,80230.0,47131.0,37393.0,98219.0,81339.0,83057.0,86067.0,87655.0,12746.0
강화 야금술 : 업화 [19-20],200.0,125,129,175,260,245,220,232,148,124,256,251,186,274,338,144.0,148.0,208.0,205.0,230.0,279.0,272.0,163.0,179.0,294.0,231.0,226.0,278.0,172.0,157.0,134.0,280.0,212,106.0,296.0,235.0,81.0,95.0,259.0,139.0,161.0,211,189.0,102.0,118.0,148.0,96.0,137.0,208.0,273.0,69.0,76.0,126,195.0,70.0,189.0,159.0,101.0,25.0,120.0,148.0,56.0,138.0,69.0,78.0,77.0,130.0,74.0,54.0,80.0,79.0,56.0,90.0,74.0,102.0,53.0,56.0,49.0,75.0,36.0,47.0,78.0,84.0,29.0,36.0,56.0,59,70.0,56,51,57,28.0,52.0,25,60.0,8.0,35,14.0,35,42,37.0,78.0,11.0,2.0,17.0,20.0,25.0,55.0,48.0,18.0,33.0,19.0,9,5,9,24.0,0.0,44.0,27.0,13.0,16.0,6.0,282.0,413.0,291.0,330.0,355.0,127.0,167.0,343.0,280.0,245.0,184.0,229.0,108.0,212.0,945.0,702.0,363.0,413.0,329.0,276.0,318.0,324.0,309.0,295.0,234.0,126.0,130.0,67.0,127.0,94.0,103.0,102.0,68.0,24.0,49.0,64.0,29.0,49.0,78.0,33.0,49.0,40.0,33.0,8.0,8.0,39.0,20.0,20.0,31.0,31.0,11.0,37.0,43.0,13.0,40.0,16.0,30.0,10.0,29.0,3.0,8.0,4.0,13.0,85.0,6.0,4.0,43.0,9.0,21.0,8.0,19.0,41.0,27.0,16.0,20.0,1.0
강화 재봉술 : 업화 [19-20],889.0,542,511,667,845,1287,1151,935,895,802,861,1080,1170,1221,1365,1000.0,676.0,1167.0,1059.0,923.0,1436.0,1267.0,914.0,500.0,1368.0,1166.0,1132.0,1354.0,1103.0,807.0,796.0,1113.0,958,915.0,1088.0,1046.0,870.0,697.0,918.0,769.0,800.0,1271,759.0,737.0,575.0,846.0,861.0,762.0,862.0,1360.0,347.0,529.0,890,724.0,865.0,828.0,921.0,471.0,597.0,876.0,616.0,450.0,937.0,673.0,550.0,466.0,838.0,606.0,816.0,478.0,641.0,479.0,412.0,663.0,348.0,540.0,615.0,507.0,591.0,337.0,443.0,595.0,413.0,347.0,393.0,306.0,426,492.0,277,246,155,201.0,241.0,142,268.0,195.0,168,147.0,246,260,220.0,283.0,193.0,172.0,225.0,185.0,73.0,90.0,180.0,168.0,112.0,19.0,62,81,148,88.0,68.0,74.0,92.0,154.0,175.0,58.0,2346.0,2757.0,2601.0,2082.0,1741.0,1472.0,878.0,2166.0,1693.0,1300.0,1172.0,1373.0,926.0,881.0,7603.0,4812.0,2805.0,2920.0,2794.0,2188.0,1238.0,2641.0,2264.0,1871.0,1562.0,1339.0,1217.0,726.0,1694.0,965.0,606.0,718.0,478.0,478.0,405.0,433.0,444.0,406.0,313.0,286.0,108.0,189.0,295.0,121.0,81.0,259.0,217.0,184.0,85.0,122.0,123.0,156.0,140.0,236.0,175.0,78.0,120.0,96.0,142.0,123.0,73.0,173.0,38.0,194.0,91.0,172.0,98.0,114.0,94.0,112.0,76.0,94.0,100.0,61.0,160.0,1.0
견습생용 제작 키트,4.0,2,9,3,2,4,1,1,9,1,0,0,3,82,66,1.0,7.0,3.0,6.0,1.0,3.0,306.0,31.0,4.0,6.0,1.0,7.0,32.0,11.0,5.0,102.0,1.0,3,11.0,0.0,3.0,441.0,192.0,2.0,429.0,105.0,0,16.0,0.0,0.0,2.0,2.0,3.0,14.0,21.0,1.0,0.0,0,3.0,25.0,15.0,248.0,0.0,24.0,15.0,5.0,1.0,5.0,1.0,2.0,43.0,1.0,41.0,4.0,2.0,19.0,7.0,1.0,1.0,0.0,4.0,2.0,6.0,0.0,0.0,0.0,0.0,0.0,0.0,0.0,7.0,0,0.0,204,132,104,6.0,0.0,2,1.0,0.0,5,562.0,2,1,3.0,8.0,1.0,3.0,1.0,2.0,247.0,12.0,7.0,1.0,2.0,1.0,161,6,1,1.0,1.0,2.0,0.0,6.0,0.0,0.0,2.0,6.0,9.0,14.0,40.0,8.0,5.0,8.0,7.0,8.0,5.0,5.0,3.0,5.0,4.0,2.0,4.0,2.0,76.0,15.0,7.0,13.0,202.0,7.0,0.0,7.0,129.0,18.0,19.0,2.0,6.0,273.0,10.0,222.0,4.0,0.0,11.0,2.0,1.0,8.0,2.0,0.0,0.0,3.0,11.0,1.0,155.0,12.0,13.0,18.0,1.0,4.0,1.0,26.0,8.0,1.0,6.0,2.0,7.0,6.0,4.0,0.0,5.0,1.0,0.0,17.0,137.0,3.0,0.0,5.0,0.0,5.0,5.0,102.0,11.0,218.0
고고학의 결정,879.0,108,150,103,0,0,57,325,109,242,129,5,149,166,292,468.0,150.0,290.0,107.0,34.0,35.0,308.0,26.0,377.0,41.0,0.0,0.0,1.0,7.0,111.0,378.0,160.0,0,0.0,14.0,218.0,282.0,252.0,225.0,26.0,118.0,0,0.0,1.0,0.0,0.0,0.0,216.0,0.0,54.0,307.0,40.0,7,0.0,0.0,0.0,4.0,0.0,0.0,0.0,0.0,0.0,36.0,122.0,364.0,0.0,26.0,0.0,70.0,10.0,321.0,454.0,92.0,0.0,43.0,0.0,0.0,318.0,30.0,0.0,0.0,0.0,23.0,178.0,135.0,0.0,0,0.0,0,0,0,106.0,447.0,112,97.0,45.0,0,1.0,1,0,25.0,0.0,0.0,6.0,88.0,297.0,63.0,179.0,499.0,0.0,10.0,17.0,0,10,99,2.0,0.0,43.0,0.0,206.0,30.0,0.0,336.0,1.0,51.0,92.0,130.0,208.0,94.0,27.0,92.0,1.0,63.0,269.0,40.0,72.0,60.0,15.0,126.0,0.0,238.0,53.0,13.0,57.0,6.0,0.0,56.0,1.0,0.0,0.0,158.0,14.0,0.0,44.0,399.0,140.0,9.0,27.0,181.0,0.0,10.0,180.0,237.0,263.0,0.0,39.0,207.0,0.0,305.0,277.0,0.0,182.0,81.0,470.0,158.0,0.0,75.0,385.0,56.0,100.0,0.0,9.0,55.0,0.0,1.0,0.0,1.0,0.0,1.0,220.0,0.0,0.0,90.0,0.0,6.0,19.0,633.0,0.0
고급 회복약,3130.0,461,798,2806,3646,2794,2948,2426,1414,1369,3709,2711,3413,2358,2129,2563.0,1089.0,2321.0,2388.0,2124.0,1994.0,1777.0,2033.0,1995.0,6086.0,6865.0,3309.0,5996.0,5060.0,1809.0,3574.0,5522.0,5096,6227.0,5271.0,5475.0,5551.0,1917.0,5521.0,5200.0,3639.0,3749,4501.0,607.0,1185.0,3380.0,3267.0,2776.0,5272.0,3427.0,1217.0,1419.0,2209,3164.0,2322.0,3678.0,2543.0,2069.0,1182.0,4170.0,2839.0,2994.0,3188.0,3016.0,2559.0,1605.0,2903.0,3509.0,1697.0,1559.0,5484.0,1915.0,1973.0,1488.0,2756.0,2581.0,1847.0,2073.0,1312.0,3817.0,3043.0,1781.0,2358.0,2313.0,1794.0,1395.0,1419,2677.0,3751,2472,2207,3817.0,3671.0,1233,4300.0,2802.0,2358,2797.0,4169,2201,644.0,4523.0,3120.0,4339.0,2074.0,2508.0,2424.0,1822.0,4247.0,3069.0,3770.0,3243.0,3340,1296,1793,4300.0,5179.0,2765.0,3081.0,3325.0,1937.0,5304.0,1856.0,1470.0,2193.0,2464.0,2270.0,1126.0,4619.0,1175.0,1146.0,2216.0,592.0,1184.0,3844.0,724.0,1200.0,2118.0,2076.0,448.0,1616.0,2426.0,1256.0,1333.0,2499.0,1094.0,2775.0,6716.0,1659.0,428.0,2288.0,1576.0,1497.0,730.0,3348.0,32.0,2110.0,1266.0,2209.0,2260.0,1803.0,1899.0,1913.0,325.0,2714.0,1714.0,2865.0,4063.0,2215.0,2356.0,1787.0,3069.0,2150.0,1279.0,3463.0,1624.0,640.0,1540.0,2310.0,878.0,384.0,1368.0,1225.0,1642.0,4182.0,1370.0,2485.0,2136.0,1648.0,670.0,622.0,480.0,4331.0,3420.0,1053.0,2197.0,2460.0,540.0
고대 유물,167757.0,119340,121215,105774,149060,118456,112895,125611,145579,115547,99935,112690,145534,147842,145191,133340.0,152213.0,113861.0,139707.0,130496.0,150549.0,158680.0,120115.0,132012.0,121925.0,123583.0,129043.0,125812.0,136843.0,119128.0,113438.0,81854.0,97454,93396.0,114726.0,122713.0,99108.0,102342.0,96576.0,105403.0,101723.0,101276,117534.0,101837.0,116631.0,83961.0,116718.0,111178.0,135823.0,122492.0,125028.0,123825.0,89853,98425.0,117635.0,117077.0,139527.0,121872.0,134797.0,105890.0,118094.0,121489.0,127210.0,143320.0,129646.0,107469.0,90793.0,99270.0,102268.0,113384.0,124852.0,111425.0,147479.0,79468.0,93584.0,99172.0,107093.0,107093.0,92859.0,89959.0,79914.0,86423.0,115949.0,113709.0,104933.0,94937.0,98885,91102.0,89291,91504,150650,100929.0,96289.0,88067,99371.0,117142.0,118956,110791.0,111427,98739,103359.0,104749.0,87825.0,85445.0,82844.0,82267.0,88908.0,69711.0,69556.0,72216.0,60710.0,78699.0,97813,71955,76433,77824.0,87000.0,75781.0,99633.0,93423.0,102747.0,94599.0,73830.0,158930.0,148030.0,118835.0,106804.0,101188.0,115633.0,83022.0,104845.0,106973.0,120867.0,142896.0,103102.0,106461.0,111480.0,103125.0,103894.0,113616.0,119388.0,104931.0,102092.0,93982.0,112560.0,95452.0,107940.0,119312.0,88188.0,99444.0,75764.0,94474.0,98857.0,102194.0,136873.0,100863.0,97243.0,93316.0,102540.0,90512.0,102521.0,126112.0,109514.0,107335.0,83652.0,112674.0,110116.0,122501.0,151476.0,109199.0,134941.0,99140.0,102829.0,105476.0,114048.0,141981.0,118225.0,115610.0,88656.0,112234.0,85266.0,111964.0,125161.0,84932.0,103724.0,105872.0,97111.0,83261.0,106643.0,111653.0,102922.0,83092.0,79845.0,105248.0,96152.0,104152.0,125790.0,29803.0
낚시의 결정,559.0,292,302,58,131,229,324,284,87,0,113,232,0,37,119,226.0,96.0,0.0,308.0,30.0,208.0,313.0,187.0,282.0,501.0,83.0,0.0,0.0,0.0,0.0,85.0,2.0,0,15.0,207.0,556.0,85.0,258.0,17.0,0.0,0.0,3,260.0,82.0,96.0,14.0,0.0,0.0,0.0,1.0,0.0,0.0,0,0.0,1.0,0.0,159.0,24.0,141.0,0.0,0.0,18.0,0.0,0.0,0.0,0.0,0.0,24.0,0.0,177.0,241.0,155.0,34.0,8.0,0.0,0.0,0.0,0.0,10.0,0.0,0.0,0.0,24.0,0.0,0.0,0.0,36,409.0,0,0,159,0.0,0.0,0,249.0,154.0,3,1.0,0,0,0.0,88.0,149.0,249.0,1.0,45.0,0.0,42.0,223.0,0.0,0.0,0.0,0,10,1,0.0,86.0,0.0,0.0,0.0,0.0,57.0,0.0,0.0,0.0,1.0,0.0,0.0,235.0,0.0,100.0,21.0,56.0,402.0,7.0,635.0,400.0,105.0,0.0,112.0,89.0,29.0,43.0,0.0,285.0,0.0,999.0,1.0,0.0,0.0,40.0,0.0,0.0,0.0,30.0,0.0,4.0,26.0,54.0,298.0,303.0,1.0,0.0,0.0,0.0,111.0,3.0,39.0,0.0,163.0,61.0,82.0,21.0,3.0,193.0,0.0,20.0,0.0,3.0,820.0,0.0,2.0,61.0,0.0,0.0,0.0,0.0,0.0,50.0,71.0,37.0,2.0,0.0,0.0,0.0,0.0,10.0,0.0
냉기 수류탄,0.0,0,0,10,0,0,0,0,213,51,0,0,0,0,0,0.0,0.0,0.0,0.0,41.0,0.0,0.0,0.0,0.0,0.0,0.0,0.0,0.0,81.0,0.0,10.0,0.0,0,0.0,0.0,0.0,0.0,0.0,0.0,0.0,884.0,0,0.0,0.0,0.0,0.0,136.0,0.0,116.0,0.0,0.0,0.0,0,0.0,0.0,0.0,0.0,3.0,0.0,0.0,4.0,0.0,14.0,0.0,10.0,0.0,0.0,0.0,0.0,0.0,0.0,0.0,0.0,0.0,0.0,0.0,0.0,0.0,0.0,0.0,0.0,0.0,0.0,58.0,0.0,0.0,0,0.0,0,0,0,0.0,0.0,1,0.0,0.0,0,0.0,0,1,0.0,0.0,0.0,17.0,0.0,3.0,0.0,1.0,0.0,0.0,0.0,0.0,0,0,0,19.0,0.0,0.0,0.0,1.0,100.0,0.0,0.0,1.0,92.0,0.0,0.0,76.0,0.0,0.0,0.0,0.0,0.0,0.0,0.0,0.0,0.0,0.0,1.0,20.0,0.0,0.0,0.0,0.0,0.0,0.0,0.0,0.0,50.0,0.0,0.0,0.0,0.0,0.0,0.0,0.0,375.0,3.0,5.0,0.0,613.0,320.0,0.0,100.0,0.0,0.0,0.0,0.0,0.0,1.0,81.0,0.0,0.0,0.0,0.0,837.0,0.0,0.0,0.0,0.0,0.0,5.0,6.0,0.0,264.0,19.0,44.0,0.0,0.0,0.0,3.0,0.0,0.0,0.0,7.0,0.0,0.0,
다듬은 생고기,12503.0,10668,9336,8716,7137,8220,12033,8292,11648,8597,8990,9623,19088,18903,12074,12379.0,12834.0,13979.0,10890.0,12048.0,16753.0,16632.0,15556.0,13991.0,16628.0,12913.0,13113.0,12069.0,16970.0,13533.0,12903.0,10492.0,12143,8260.0,11259.0,13649.0,11076.0,9783.0,11334.0,8766.0,8643.0,11336,13161.0,10958.0,10435.0,10977.0,11907.0,9286.0,11476.0,12674.0,11579.0,14646.0,8507,8849.0,9492.0,11129.0,18162.0,11524.0,10172.0,14218.0,13477.0,10384.0,13300.0,13991.0,9519.0,14654.0,10053.0,9630.0,11531.0,10920.0,12831.0,11898.0,11544.0,9527.0,12571.0,8967.0,8987.0,9987.0,9886.0,8177.0,8272.0,9295.0,7357.0,9413.0,10281.0,4472.0,6515,12801.0,10085,16997,12868,12012.0,19482.0,9127,11544.0,11712.0,10340,12499.0,13409,9503,11004.0,10989.0,12162.0,6815.0,13273.0,9823.0,7855.0,11329.0,8761.0,7640.0,6479.0,8476.0,12540,7470,6748,6943.0,5016.0,8967.0,5607.0,7694.0,7527.0,7351.0,12530.0,6480.0,9130.0,7872.0,9941.0,11453.0,8149.0,7323.0,10583.0,9535.0,10370.0,10729.0,8818.0,9273.0,7982.0,9282.0,15163.0,8805.0,9749.0,10792.0,7632.0,8254.0,8915.0,9387.0,10742.0,10058.0,7298.0,7216.0,10147.0,6269.0,7411.0,11102.0,12601.0,8610.0,11463.0,11844.0,12284.0,11821.0,11510.0,11006.0,9685.0,12059.0,16628.0,12051.0,9692.0,14783.0,17380.0,8472.0,8907.0,9863.0,11188.0,11125.0,11746.0,11415.0,11158.0,10492.0,10186.0,7713.0,8771.0,10992.0,14004.0,9331.0,10267.0,9934.0,6377.0,7430.0,10749.0,9883.0,7194.0,9712.0,9801.0,7585.0,8851.0,9073.0,8879.0,1774.0
단단한 철광석,6419.0,6348,3833,2692,2128,4455,3591,5044,4629,2688,3885,4481,7118,6985,4417,3982.0,5630.0,2659.0,3213.0,3429.0,5625.0,4627.0,4177.0,3672.0,4324.0,3200.0,4024.0,3919.0,5540.0,3986.0,3671.0,2277.0,3768,2738.0,3587.0,4522.0,2906.0,2968.0,2896.0,2303.0,2952.0,3671,5772.0,4733.0,2875.0,3061.0,4241.0,3641.0,3015.0,4264.0,7550.0,2885.0,3205,2624.0,3042.0,4126.0,5792.0,3588.0,1961.0,2659.0,3665.0,2627.0,4025.0,4298.0,3200.0,3265.0,2452.0,3447.0,2163.0,3073.0,2630.0,3038.0,3295.0,1805.0,3714.0,2583.0,1803.0,2571.0,2296.0,3158.0,1816.0,2744.0,2772.0,1918.0,3868.0,2117.0,2245,3142.0,3824,5738,6375,8018.0,5744.0,5586,4632.0,2233.0,2865,3678.0,3073,2622,2860.0,5352.0,2374.0,2512.0,4329.0,3537.0,2520.0,3079.0,3027.0,2948.0,2797.0,2104.0,1845,2003,1430,2807.0,2777.0,1508.0,3407.0,2802.0,2788.0,2357.0,4802.0,3646.0,1973.0,4286.0,5143.0,2560.0,2276.0,2437.0,2943.0,2050.0,4203.0,2982.0,3439.0,2915.0,2183.0,3658.0,1757.0,3105.0,3960.0,3306.0,2737.0,2144.0,3179.0,3610.0,3420.0,3195.0,3353.0,2906.0,2240.0,3243.0,1757.0,2556.0,4783.0,1878.0,2374.0,2809.0,3586.0,2462.0,4909.0,6291.0,3109.0,3343.0,2566.0,1355.0,2674.0,3040.0,3845.0,5512.0,2282.0,3200.0,2731.0,2877.0,4623.0,3757.0,3151.0,2920.0,4076.0,1714.0,3224.0,2484.0,3967.0,2974.0,3363.0,2037.0,3613.0,2809.0,3221.0,2091.0,2097.0,2464.0,3095.0,966.0,2236.0,2779.0,3916.0,638.0
달인용 제작 키트,484.0,378,361,204,318,363,398,362,492,309,186,318,391,511,472,437.0,407.0,273.0,387.0,414.0,488.0,573.0,502.0,399.0,164.0,242.0,236.0,393.0,397.0,350.0,275.0,169.0,193,249.0,315.0,381.0,279.0,199.0,142.0,284.0,227.0,341,396.0,298.0,338.0,184.0,285.0,308.0,402.0,362.0,326.0,254.0,179,242.0,289.0,349.0,368.0,347.0,293.0,112.0,224.0,316.0,266.0,379.0,306.0,247.0,156.0,279.0,266.0,323.0,338.0,400.0,419.0,116.0,200.0,188.0,272.0,368.0,236.0,266.0,147.0,168.0,242.0,277.0,315.0,298.0,209,154.0,162,217,269,249.0,337.0,260,139.0,172.0,228,313.0,315,194,263.0,156.0,182.0,216.0,320.0,354.0,268.0,224.0,131.0,208.0,183.0,230.0,278,233,209,108.0,203.0,169.0,292.0,379.0,313.0,360.0,125.0,222.0,291.0,412.0,414.0,379.0,365.0,225.0,359.0,330.0,485.0,561.0,374.0,412.0,157.0,252.0,248.0,417.0,361.0,284.0,246.0,143.0,208.0,322.0,368.0,383.0,286.0,273.0,147.0,218.0,317.0,315.0,385.0,308.0,250.0,140.0,228.0,289.0,310.0,391.0,267.0,284.0,168.0,211.0,202.0,240.0,313.0,252.0,210.0,148.0,249.0,247.0,390.0,333.0,357.0,293.0,177.0,331.0,295.0,368.0,367.0,293.0,338.0,172.0,207.0,283.0,299.0,344.0,264.0,276.0,190.0,295.0,337.0,369.0,442.0,28.0
도구 제작 부품,115800.0,99837,84908,50378,66607,74202,97366,106975,131402,88425,47601,96379,84144,108773,114979,129348.0,109046.0,70409.0,105782.0,102800.0,118845.0,138208.0,106628.0,94742.0,43808.0,58263.0,68127.0,97238.0,92399.0,77986.0,76825.0,57066.0,64151,52860.0,79779.0,82860.0,69989.0,57370.0,33552.0,60980.0,60213.0,75234,93671.0,79989.0,80499.0,48560.0,65152.0,76346.0,102460.0,98576.0,84984.0,91028.0,46211,63759.0,64493.0,94504.0,92404.0,87482.0,79955.0,32669.0,56430.0,62332.0,76284.0,87480.0,74143.0,69168.0,38007.0,63887.0,58266.0,84422.0,102938.0,89395.0,102105.0,37766.0,53172.0,50877.0,72078.0,78944.0,59211.0,67040.0,36941.0,58485.0,61554.0,67152.0,82677.0,69846.0,52312,34294.0,35154,40651,56057,48266.0,59588.0,56263,28214.0,42317.0,46402,57368.0,63705,54063,63796.0,29949.0,42939.0,41334.0,67227.0,71838.0,62135.0,60211.0,31411.0,36403.0,45651.0,45839.0,57851,52534,57891,33768.0,49150.0,37792.0,53302.0,84096.0,70054.0,79103.0,29962.0,48563.0,71786.0,95918.0,107754.0,98045.0,92911.0,65889.0,90305.0,84171.0,117958.0,144400.0,125107.0,112838.0,45994.0,77124.0,74568.0,108047.0,109635.0,92062.0,129554.0,56102.0,70095.0,95916.0,101898.0,110668.0,89981.0,97618.0,52889.0,51505.0,79135.0,88830.0,110665.0,98523.0,91205.0,43511.0,63596.0,72563.0,90738.0,98151.0,86861.0,105235.0,40908.0,50015.0,56169.0,65555.0,83324.0,71918.0,81463.0,38970.0,52592.0,76103.0,80504.0,96711.0,118414.0,74919.0,42695.0,80140.0,85993.0,95696.0,104094.0,94497.0,97317.0,50549.0,66404.0,69106.0,81332.0,94001.0,69886.0,83753.0,62832.0,85505.0,113002.0,105834.0,113394.0,22580.0
도발 허수아비,20.0,0,3,401,0,33,0,0,10,1,0,14,0,0,41,0.0,29.0,0.0,1.0,62.0,14.0,0.0,0.0,0.0,124.0,45.0,150.0,0.0,103.0,111.0,7.0,113.0,0,30.0,74.0,22.0,150.0,14.0,2.0,0.0,1028.0,10,18.0,0.0,57.0,5.0,43.0,19.0,0.0,4.0,1.0,0.0,10,5.0,3.0,3.0,0.0,3.0,0.0,0.0,11.0,32.0,119.0,400.0,3.0,0.0,0.0,0.0,5.0,1003.0,0.0,0.0,5.0,0.0,0.0,0.0,0.0,262.0,0.0,2.0,7.0,0.0,0.0,0.0,45.0,0.0,1,0.0,0,0,0,2415.0,30.0,0,0.0,0.0,1,0.0,0,2,20.0,7.0,55.0,0.0,0.0,0.0,20.0,0.0,55.0,10.0,0.0,0.0,10,0,0,166.0,0.0,0.0,0.0,112.0,0.0,9.0,0.0,0.0,0.0,10.0,0.0,1.0,0.0,3.0,2.0,0.0,2.0,15.0,0.0,13.0,10.0,15.0,1.0,0.0,7.0,0.0,0.0,1.0,18.0,50.0,0.0,5.0,0.0,0.0,0.0,200.0,0.0,0.0,0.0,0.0,10.0,0.0,0.0,11.0,10.0,70.0,0.0,0.0,0.0,0.0,0.0,40.0,0.0,1.0,2.0,0.0,0.0,0.0,0.0,58.0,0.0,110.0,3.0,0.0,3.0,0.0,0.0,10.0,0.0,0.0,81.0,73.0,0.0,334.0,0.0,67.0,0.0,0.0,3.0,1.0,0.0,0.0
두툼한 생고기,25326.0,22998,19430,18413,16876,18083,22171,18202,20469,18325,20388,18394,20871,35689,31753,24068.0,23455.0,20088.0,20889.0,22608.0,32319.0,35549.0,27659.0,29665.0,29707.0,25934.0,26597.0,24704.0,34316.0,24750.0,26307.0,21839.0,21509,17937.0,25911.0,23173.0,22659.0,19432.0,20773.0,23603.0,18201.0,21903,25053.0,19865.0,19667.0,21707.0,29903.0,24030.0,18593.0,22834.0,23212.0,24482.0,16913,19706.0,21180.0,22300.0,31051.0,23129.0,17908.0,26989.0,27677.0,27152.0,30848.0,27039.0,19021.0,24574.0,21852.0,15205.0,20281.0,20690.0,24128.0,25476.0,23507.0,19311.0,22860.0,17178.0,18796.0,21734.0,17564.0,15365.0,17717.0,14814.0,17270.0,15983.0,22887.0,10491.0,12840,23776.0,20267,34875,25890,26002.0,33789.0,19706,20948.0,21198.0,18173,25262.0,22992,18565,21569.0,23373.0,22960.0,19185.0,22843.0,20550.0,16344.0,21865.0,15718.0,15560.0,14877.0,19822.0,21452,13405,15474,15547.0,11337.0,10679.0,12809.0,17988.0,13344.0,12402.0,19217.0,14314.0,15431.0,19556.0,22273.0,13924.0,15343.0,14408.0,21782.0,15848.0,21872.0,21436.0,16305.0,18130.0,15750.0,18022.0,22348.0,17285.0,25869.0,18400.0,15035.0,14805.0,12078.0,18409.0,20688.0,18301.0,18624.0,14536.0,13839.0,18088.0,18234.0,23786.0,30680.0,15889.0,20296.0,23573.0,18293.0,22589.0,16764.0,24085.0,19208.0,25300.0,33755.0,25880.0,19723.0,28456.0,24081.0,23530.0,21269.0,19265.0,20632.0,20926.0,26183.0,28092.0,24260.0,17890.0,17297.0,19222.0,16504.0,20481.0,29132.0,15162.0,12866.0,20512.0,16411.0,13797.0,22522.0,23629.0,16289.0,18772.0,18636.0,17006.0,16078.0,16933.0,18966.0,2556.0
들꽃,25506.0,21324,19450,24342,16437,15996,25279,21536,22513,18923,15482,24778,20960,24192,30792,26997.0,30257.0,24886.0,33102.0,38075.0,43285.0,50520.0,40781.0,38404.0,24905.0,29604.0,27867.0,33569.0,42445.0,29393.0,29158.0,29767.0,30269,31486.0,40902.0,37605.0,32131.0,29248.0,22323.0,23599.0,25087.0,28611,32174.0,30052.0,29391.0,20363.0,24127.0,26100.0,29537.0,34217.0,26328.0,31175.0,19225,22630.0,22522.0,27274.0,31777.0,24967.0,24428.0,18333.0,23912.0,23315.0,25364.0,25744.0,20530.0,20485.0,14030.0,19233.0,21493.0,25332.0,25876.0,23496.0,34294.0,20830.0,12907.0,21043.0,19464.0,20845.0,16463.0,16421.0,14115.0,18540.0,17799.0,18414.0,18536.0,27381.0,16512,14632.0,18255,18311,15969,20961.0,24942.0,14681,13240.0,17401.0,18481,16902.0,20148,19788,21970.0,17009.0,23982.0,23936.0,21502.0,28819.0,15789.0,18638.0,17637.0,15768.0,16735.0,30169.0,17754,16616,17619,13209.0,16106.0,19195.0,21262.0,24268.0,26420.0,17631.0,16245.0,18201.0,18531.0,27112.0,23793.0,19162.0,21579.0,18523.0,20316.0,15131.0,22712.0,20638.0,26119.0,20446.0,17465.0,16213.0,26329.0,20907.0,24301.0,17461.0,14248.0,13640.0,15592.0,22622.0,21656.0,19733.0,16259.0,18572.0,16300.0,17857.0,15117.0,14496.0,33327.0,19452.0,18974.0,15198.0,28390.0,13321.0,16605.0,23223.0,19039.0,20724.0,16995.0,22722.0,19296.0,19569.0,21398.0,22213.0,17663.0,13797.0,13650.0,15733.0,16053.0,27045.0,22237.0,17590.0,19885.0,14958.0,13696.0,16074.0,29381.0,17793.0,21617.0,14497.0,22973.0,16342.0,17481.0,40216.0,12229.0,10959.0,10015.0,16431.0,16865.0,14622.0,23547.0,4740.0
루테란의 나팔,55.0,0,0,0,0,0,15,0,1,88,0,33,66,3,242,53.0,0.0,0.0,0.0,3.0,20.0,30.0,0.0,1.0,10.0,5.0,1.0,1.0,49.0,8.0,55.0,0.0,39,1.0,3.0,0.0,0.0,7.0,0.0,0.0,33.0,33,88.0,44.0,22.0,0.0,847.0,0.0,0.0,5.0,5.0,0.0,33,0.0,34.0,0.0,0.0,41.0,0.0,33.0,10.0,0.0,0.0,44.0,0.0,133.0,0.0,0.0,10.0,0.0,55.0,0.0,0.0,10.0,0.0,50.0,0.0,3.0,0.0,0.0,0.0,0.0,0.0,0.0,0.0,0.0,0,0.0,0,0,0,0.0,0.0,0,0.0,10.0,0,0.0,0,0,0.0,0.0,0.0,0.0,0.0,115.0,0.0,0.0,0.0,0.0,80.0,0.0,33,0,1,0.0,0.0,0.0,6.0,63.0,0.0,10.0,0.0,1.0,10.0,1.0,0.0,2.0,1.0,0.0,0.0,0.0,0.0,0.0,10.0,61.0,0.0,0.0,1.0,0.0,0.0,10.0,0.0,0.0,0.0,1.0,0.0,0.0,0.0,0.0,0.0,0.0,0.0,3.0,0.0,0.0,0.0,0.0,0.0,0.0,1.0,0.0,0.0,0.0,1.0,0.0,5.0,101.0,1.0,4.0,1.0,0.0,0.0,5.0,0.0,0.0,0.0,0.0,98.0,0.0,6.0,0.0,0.0,0.0,0.0,0.0,0.0,0.0,0.0,20.0,0.0,0.0,10.0,0.0,0.0,0.0,0.0,0.0
만능 물약,33.0,78,27,7,0,0,0,0,435,180,90,90,90,0,40,71.0,0.0,0.0,89.0,0.0,55.0,436.0,0.0,1750.0,12.0,1.0,0.0,0.0,10.0,183.0,0.0,325.0,19,0.0,0.0,0.0,0.0,39.0,0.0,0.0,0.0,358,283.0,0.0,118.0,0.0,1.0,0.0,11.0,0.0,0.0,0.0,0,0.0,1.0,0.0,0.0,0.0,1.0,0.0,10.0,0.0,0.0,1.0,0.0,0.0,1.0,0.0,0.0,3.0,0.0,0.0,1.0,0.0,0.0,0.0,0.0,0.0,0.0,0.0,0.0,200.0,0.0,5.0,0.0,0.0,0,0.0,0,0,0,855.0,0.0,0,0.0,0.0,239,0.0,0,75,0.0,5.0,0.0,0.0,0.0,0.0,0.0,0.0,0.0,0.0,0.0,0.0,0,172,0,0.0,0.0,0.0,0.0,1.0,10.0,39.0,0.0,0.0,0.0,0.0,0.0,1.0,0.0,0.0,30.0,0.0,0.0,0.0,0.0,77.0,0.0,171.0,1.0,6.0,0.0,0.0,0.0,135.0,0.0,0.0,0.0,0.0,0.0,0.0,0.0,16.0,0.0,35.0,0.0,489.0,0.0,20.0,0.0,0.0,0.0,0.0,7.0,0.0,0.0,1.0,0.0,362.0,1.0,1.0,0.0,6.0,11.0,12.0,84.0,4.0,0.0,0.0,0.0,0.0,0.0,0.0,0.0,0.0,0.0,0.0,0.0,0.0,0.0,82.0,0.0,283.0,0.0,0.0,0.0,0.0,0.0,0.0
명예의 파편 주머니(대),2553.0,1718,1060,1497,2202,1683,3108,2003,2242,880,2881,3338,2474,2347,3204,2557.0,1448.0,3126.0,2618.0,1960.0,2534.0,3102.0,1355.0,716.0,2761.0,3237.0,1431.0,2856.0,1007.0,1724.0,1656.0,1307.0,1661,1250.0,2083.0,948.0,1856.0,2923.0,1604.0,1588.0,1666.0,2387,1158.0,1384.0,2277.0,5275.0,1054.0,2375.0,1411.0,1457.0,2210.0,1549.0,1672,2215.0,1920.0,1622.0,1502.0,1225.0,1112.0,660.0,1637.0,2008.0,2893.0,2185.0,931.0,686.0,1966.0,404.0,1484.0,407.0,550.0,2549.0,970.0,1986.0,2099.0,1374.0,1347.0,1300.0,503.0,931.0,2980.0,2057.0,655.0,903.0,2243.0,723.0,1406,519.0,499,1195,1165,1450.0,747.0,1009,443.0,1627.0,311,654.0,1330,1785,1133.0,1087.0,1450.0,2466.0,3722.0,1463.0,3844.0,413.0,5027.0,4832.0,1240.0,2099.0,3466,7322,3507,1161.0,1837.0,901.0,4519.0,2677.0,1000.0,2396.0,6772.0,5177.0,3117.0,4465.0,2233.0,727.0,1146.0,4625.0,3455.0,989.0,501.0,1216.0,3017.0,888.0,11008.0,9227.0,7602.0,10118.0,6599.0,5573.0,3260.0,12963.0,4414.0,6343.0,3211.0,5265.0,3120.0,6532.0,5000.0,3430.0,1311.0,3015.0,2719.0,4346.0,1800.0,4350.0,2818.0,3913.0,4418.0,4361.0,4414.0,4431.0,3083.0,4199.0,3398.0,2987.0,3493.0,2964.0,520.0,1316.0,722.0,1218.0,1625.0,981.0,1054.0,162.0,655.0,543.0,3107.0,1380.0,1223.0,2584.0,4425.0,6181.0,891.0,5497.0,1549.0,720.0,2463.0,2606.0,2886.0,220.0,1077.0,805.0,3581.0,211.0
모닥불,0.0,0,30,145,0,3,0,0,9,0,0,0,0,0,5,0.0,17.0,0.0,0.0,0.0,10.0,2.0,0.0,10.0,0.0,0.0,0.0,10.0,0.0,0.0,0.0,0.0,0,6.0,17.0,3.0,0.0,281.0,0.0,7.0,0.0,1088,5.0,0.0,0.0,5.0,0.0,0.0,0.0,1.0,0.0,0.0,0,0.0,1.0,5.0,0.0,0.0,0.0,0.0,10.0,0.0,0.0,0.0,0.0,0.0,11.0,0.0,0.0,30.0,0.0,0.0,0.0,0.0,0.0,1426.0,0.0,0.0,0.0,0.0,0.0,0.0,0.0,0.0,0.0,0.0,0,1.0,0,0,0,0.0,0.0,0,0.0,110.0,0,13.0,0,0,0.0,0.0,0.0,0.0,0.0,0.0,0.0,0.0,1.0,0.0,11.0,0.0,0,0,10,0.0,0.0,0.0,0.0,78.0,0.0,0.0,0.0,0.0,20.0,0.0,1.0,1.0,0.0,0.0,0.0,0.0,0.0,0.0,0.0,0.0,10.0,0.0,1.0,0.0,0.0,0.0,8.0,0.0,101.0,0.0,5.0,0.0,0.0,0.0,0.0,0.0,28.0,0.0,0.0,0.0,0.0,0.0,0.0,0.0,0.0,10.0,0.0,0.0,0.0,0.0,0.0,0.0,0.0,1.0,2.0,1.0,0.0,0.0,0.0,5.0,0.0,153.0,8.0,0.0,5.0,4.0,15.0,3.0,0.0,0.0,0.0,2.0,0.0,0.0,0.0,0.0,3.0,0.0,5.0,0.0,5.0,0.0
목재,721085.0,534428,574698,432251,482030,491535,570277,645906,714670,525033,375465,479901,556999,607974,675387,608323.0,623771.0,423110.0,492084.0,521409.0,578041.0,706547.0,505336.0,550774.0,428383.0,419428.0,429680.0,501467.0,552862.0,461555.0,474964.0,349513.0,384248,385836.0,430213.0,529253.0,408414.0,448527.0,348677.0,354640.0,355361.0,458232,521023.0,465058.0,503354.0,381931.0,458319.0,473203.0,563603.0,647606.0,476460.0,509698.0,357053,407547.0,463685.0,623447.0,700068.0,518892.0,555506.0,435139.0,435661.0,436434.0,540669.0,563396.0,488380.0,485155.0,361026.0,367788.0,455980.0,480266.0,674310.0,589145.0,742701.0,372645.0,384018.0,349112.0,468008.0,501352.0,384464.0,408083.0,323438.0,362393.0,348319.0,407887.0,460442.0,388279.0,410990,309565.0,328447,335266,375639,356312.0,384424.0,332423,283348.0,286711.0,288456,372098.0,458841,355350,418217.0,343774.0,337539.0,316171.0,392670.0,462608.0,311700.0,366448.0,257080.0,265844.0,280841.0,287015.0,327854,288570,340231,251026.0,235331.0,274349.0,452820.0,495381.0,419904.0,432330.0,523681.0,508958.0,554225.0,603631.0,647475.0,575367.0,610657.0,458567.0,536868.0,539008.0,697430.0,762320.0,610775.0,666663.0,688901.0,596229.0,606767.0,634879.0,738829.0,570541.0,578405.0,446754.0,468367.0,577924.0,623519.0,672817.0,518904.0,543450.0,410633.0,499784.0,498438.0,611465.0,693639.0,529127.0,566309.0,457872.0,491133.0,531684.0,631056.0,660724.0,574878.0,723966.0,564494.0,450218.0,481363.0,546394.0,627294.0,567165.0,574820.0,461936.0,509155.0,464780.0,562233.0,694134.0,715390.0,568341.0,463195.0,570220.0,532076.0,613770.0,699936.0,538246.0,610615.0,470511.0,501640.0,492381.0,545302.0,619023.0,497578.0,540932.0,440800.0,514278.0,468744.0,619397.0,751591.0,118047.0
묵직한 철광석,13397.0,12291,10011,6511,8060,8994,9687,9399,12655,8080,7982,6612,9622,12964,14493,9441.0,13053.0,9727.0,11135.0,13173.0,12962.0,15676.0,14259.0,12841.0,10827.0,12854.0,12475.0,13261.0,14425.0,13620.0,10972.0,9492.0,10227,9617.0,10800.0,14882.0,9491.0,10208.0,6143.0,8632.0,8821.0,12938,10205.0,12536.0,8900.0,7954.0,6929.0,10720.0,10468.0,11784.0,12393.0,8082.0,9327,6421.0,8641.0,13123.0,10606.0,11051.0,9102.0,7484.0,9309.0,10864.0,11121.0,11323.0,8508.0,8561.0,7732.0,7364.0,9100.0,10221.0,10197.0,8619.0,9404.0,6549.0,7665.0,6865.0,7958.0,8553.0,5609.0,6576.0,6187.0,8232.0,7137.0,7157.0,10593.0,6403.0,5685,6963.0,9743,8567,8801,11473.0,12959.0,14578,7687.0,8079.0,8438,10056.0,8169,10192,7562.0,12609.0,7163.0,9197.0,11296.0,12065.0,8930.0,7896.0,8255.0,7087.0,8701.0,8572.0,8359,7619,5570,6687.0,5665.0,7343.0,8217.0,7056.0,7296.0,6776.0,7223.0,10945.0,13545.0,12261.0,11268.0,10645.0,9359.0,10272.0,9078.0,6784.0,9642.0,11826.0,10559.0,8627.0,9505.0,8737.0,12100.0,8900.0,14516.0,7121.0,9166.0,7867.0,8370.0,9347.0,10389.0,9222.0,6788.0,10323.0,8019.0,9855.0,7989.0,10620.0,10516.0,11771.0,9595.0,8157.0,12936.0,8687.0,8220.0,15344.0,12006.0,12862.0,7734.0,8438.0,9684.0,8829.0,12097.0,10400.0,10502.0,7626.0,6754.0,10657.0,8223.0,8882.0,8462.0,6482.0,9535.0,9428.0,7383.0,6547.0,11038.0,10057.0,9765.0,8181.0,10702.0,9190.0,13024.0,10330.0,7698.0,9632.0,8421.0,7836.0,8695.0,7487.0,10213.0,1534.0
보호 물약,0.0,0,0,3,0,0,0,0,0,0,0,0,0,0,0,0.0,0.0,0.0,0.0,0.0,0.0,0.0,0.0,0.0,0.0,0.0,0.0,0.0,0.0,0.0,0.0,0.0,0,0.0,0.0,3.0,0.0,0.0,0.0,0.0,0.0,0,0.0,0.0,4.0,0.0,0.0,0.0,0.0,0.0,0.0,0.0,0,0.0,1.0,0.0,6.0,0.0,0.0,0.0,10.0,0.0,0.0,0.0,0.0,0.0,0.0,0.0,0.0,0.0,0.0,0.0,0.0,94.0,0.0,0.0,0.0,0.0,0.0,100.0,0.0,0.0,0.0,0.0,0.0,0.0,0,0.0,0,0,0,260.0,0.0,0,0.0,0.0,0,0.0,0,0,0.0,0.0,0.0,1.0,7.0,10.0,0.0,0.0,0.0,0.0,0.0,0.0,1,0,0,0.0,0.0,0.0,0.0,1.0,0.0,0.0,0.0,0.0,0.0,1.0,0.0,1.0,0.0,0.0,0.0,35.0,0.0,0.0,0.0,0.0,0.0,0.0,1.0,0.0,0.0,0.0,2.0,1.0,2.0,0.0,0.0,15.0,0.0,26.0,0.0,9.0,0.0,0.0,30.0,56.0,0.0,88.0,0.0,0.0,0.0,1.0,2.0,0.0,3.0,12.0,0.0,66.0,2.0,1.0,0.0,99.0,0.0,0.0,0.0,0.0,0.0,55.0,0.0,700.0,0.0,6.0,0.0,0.0,0.0,27.0,0.0,0.0,0.0,0.0,4400.0,0.0,0.0,211.0,16.0,107.0,0.0,0.0
부드러운 목재,357750.0,265971,269506,224108,223615,232383,279487,320220,359643,261101,202865,230519,276584,299231,336762,307278.0,305384.0,216795.0,244308.0,250252.0,292882.0,333460.0,255656.0,277376.0,204634.0,207190.0,221020.0,242778.0,282282.0,230963.0,242268.0,179561.0,174833,186585.0,215906.0,258703.0,208146.0,224010.0,167771.0,172150.0,184679.0,227493,266585.0,229244.0,244314.0,186384.0,220543.0,225420.0,284303.0,319358.0,237427.0,246187.0,182826,202904.0,230275.0,311249.0,345861.0,266599.0,272504.0,207872.0,216940.0,225138.0,264442.0,283198.0,237299.0,251398.0,163820.0,188023.0,233288.0,240849.0,323638.0,289363.0,359816.0,192808.0,191250.0,174446.0,220274.0,252300.0,193446.0,212617.0,163099.0,183136.0,169362.0,201281.0,232724.0,180575.0,200845,145657.0,161323,168890,178784,182380.0,198983.0,167406,133084.0,149750.0,153358,182700.0,226968,167447,210384.0,169731.0,167188.0,154068.0,191126.0,219975.0,168775.0,170925.0,128359.0,130833.0,144454.0,149807.0,167699,146586,163739,116786.0,117692.0,133548.0,221205.0,235894.0,203659.0,218729.0,262737.0,263321.0,271790.0,303490.0,326600.0,276927.0,306958.0,232620.0,272868.0,254781.0,339849.0,385003.0,305826.0,324775.0,351861.0,298402.0,292469.0,329748.0,363185.0,286945.0,287920.0,218972.0,225288.0,298983.0,303905.0,336989.0,266582.0,268443.0,193885.0,224592.0,242516.0,299796.0,336273.0,259692.0,283907.0,230152.0,234573.0,246316.0,304214.0,338098.0,294454.0,362524.0,274818.0,237407.0,241683.0,270174.0,317481.0,266541.0,286108.0,232494.0,235122.0,238462.0,283505.0,336667.0,353727.0,283031.0,229789.0,279249.0,259688.0,307185.0,341530.0,270348.0,292822.0,237799.0,241868.0,249252.0,277267.0,305026.0,255137.0,267868.0,206388.0,256934.0,233794.0,314030.0,362205.0,60801.0
부식 폭탄,1681.0,766,611,897,1256,1195,2197,2237,860,905,1695,999,1520,1496,1577,763.0,855.0,712.0,1330.0,1632.0,1363.0,1015.0,2124.0,1390.0,1410.0,1323.0,887.0,1331.0,2467.0,949.0,720.0,1208.0,1658,1481.0,1486.0,1601.0,796.0,419.0,1626.0,1535.0,2401.0,1611,1257.0,746.0,1381.0,1334.0,2466.0,1756.0,1990.0,770.0,1346.0,603.0,871,1265.0,1439.0,1643.0,1057.0,547.0,763.0,783.0,1079.0,644.0,622.0,719.0,534.0,312.0,948.0,513.0,790.0,341.0,387.0,346.0,95.0,776.0,341.0,332.0,977.0,505.0,1047.0,163.0,879.0,613.0,1475.0,554.0,414.0,162.0,575,340.0,348,157,393,520.0,946.0,227,502.0,102.0,1204,544.0,475,300,252.0,1233.0,6443.0,577.0,391.0,424.0,280.0,104.0,600.0,714.0,528.0,957.0,722,563,183,625.0,733.0,182.0,416.0,1777.0,128.0,161.0,195.0,202.0,400.0,231.0,358.0,1147.0,1146.0,291.0,240.0,413.0,451.0,360.0,1518.0,11.0,130.0,134.0,317.0,203.0,454.0,75.0,488.0,207.0,202.0,469.0,343.0,585.0,309.0,0.0,181.0,345.0,720.0,135.0,380.0,79.0,50.0,422.0,240.0,935.0,120.0,642.0,351.0,480.0,484.0,231.0,22.0,72.0,233.0,51.0,61.0,1089.0,238.0,910.0,104.0,61.0,197.0,40.0,227.0,230.0,10.0,124.0,22.0,303.0,117.0,150.0,410.0,2210.0,196.0,190.0,3.0,270.0,350.0,164.0,514.0,500.0,338.0,0.0
붉은 살 생선,9953.0,12888,14460,13110,19085,15341,17745,14332,14343,20202,30824,35314,45950,17906,31568,26245.0,16910.0,15877.0,17547.0,36228.0,19070.0,18831.0,13204.0,11871.0,11770.0,17260.0,12917.0,16110.0,15161.0,18136.0,35686.0,14915.0,10609,14475.0,9067.0,11571.0,8968.0,9746.0,21538.0,10676.0,15071.0,17320,20760.0,17177.0,12395.0,11209.0,14249.0,13689.0,13452.0,15258.0,7819.0,8295.0,7130,9258.0,13312.0,13585.0,23894.0,12393.0,11858.0,13884.0,12176.0,13982.0,22058.0,16396.0,11960.0,18662.0,16437.0,12710.0,7943.0,12330.0,14944.0,18353.0,20059.0,9588.0,17892.0,9746.0,7336.0,9873.0,10058.0,5349.0,6759.0,7269.0,10444.0,9644.0,11334.0,3818.0,7284,10868.0,13305,11596,14833,8831.0,19219.0,8071,8068.0,14473.0,9926,13536.0,7423,3665,9777.0,9828.0,19885.0,4209.0,5832.0,14676.0,11490.0,6446.0,15502.0,5986.0,10957.0,12548.0,14464,12961,8744,9099.0,5160.0,12252.0,9037.0,7220.0,14992.0,11961.0,14408.0,33198.0,8457.0,5582.0,15850.0,14532.0,17313.0,33950.0,12583.0,9570.0,8903.0,17062.0,18409.0,6304.0,6203.0,25673.0,7562.0,16788.0,21840.0,6058.0,9176.0,6704.0,6779.0,5350.0,11075.0,9050.0,7883.0,2761.0,4606.0,6938.0,7217.0,8698.0,16982.0,10875.0,9052.0,8572.0,11914.0,10440.0,17140.0,11877.0,17028.0,12811.0,12974.0,11638.0,9017.0,18252.0,12248.0,17841.0,11112.0,12805.0,16328.0,12121.0,19084.0,13349.0,14112.0,5619.0,21755.0,16496.0,26511.0,22091.0,25631.0,19201.0,12381.0,17351.0,9850.0,11333.0,8329.0,18153.0,4077.0,5316.0,15484.0,6848.0,9177.0,10664.0,19607.0,3261.0
빙하의 숨결,415748.0,320702,339398,352182,360857,288351,424211,609596,477178,241494,322021,395045,320131,366222,398619,432112.0,331738.0,291988.0,474762.0,309610.0,365172.0,434714.0,330934.0,355834.0,381356.0,416143.0,300329.0,386277.0,391341.0,403090.0,291621.0,342135.0,415826,342524.0,408113.0,431712.0,365828.0,293248.0,487713.0,369189.0,313783.0,399683,425628.0,338643.0,269717.0,363556.0,392574.0,332236.0,399372.0,412242.0,330435.0,309326.0,367767,359960.0,433345.0,537774.0,504707.0,434377.0,307588.0,382945.0,365680.0,305165.0,367578.0,416054.0,327474.0,252179.0,270662.0,321348.0,375106.0,405750.0,305836.0,348421.0,268041.0,309626.0,353463.0,267593.0,323508.0,379754.0,271500.0,281140.0,330283.0,321081.0,323138.0,314576.0,396920.0,288549.0,262726,388506.0,415464,435299,463282,408008.0,364895.0,240881,248851.0,256045.0,214425,313049.0,319108,361393,237197.0,286967.0,257672.0,223813.0,308596.0,367064.0,239861.0,198755.0,224322.0,245041.0,226548.0,252878.0,284466,232206,201101,219481.0,223925.0,171876.0,542786.0,503526.0,348513.0,222608.0,682442.0,605241.0,405310.0,399135.0,353140.0,339793.0,240863.0,293404.0,274190.0,264828.0,323834.0,379555.0,282824.0,205598.0,672382.0,506210.0,421777.0,471909.0,567574.0,408923.0,294390.0,334689.0,338815.0,409747.0,412171.0,393139.0,429173.0,331334.0,328915.0,364415.0,327681.0,399220.0,444046.0,346615.0,270950.0,377852.0,320366.0,314823.0,356571.0,421997.0,341500.0,364323.0,410751.0,390431.0,401900.0,430906.0,529209.0,416765.0,362611.0,332923.0,355758.0,370843.0,488700.0,513746.0,437434.0,276952.0,339561.0,411689.0,372908.0,389846.0,416320.0,375536.0,353781.0,617777.0,607472.0,512778.0,629720.0,553893.0,439556.0,336808.0,403519.0,396817.0,313750.0,381366.0,404168.0,56179.0
빛나는 냉기 수류탄,0.0,0,1,0,0,0,11,0,0,1,0,0,0,0,0,0.0,0.0,0.0,0.0,0.0,0.0,0.0,0.0,0.0,0.0,0.0,0.0,0.0,0.0,0.0,0.0,0.0,0,30.0,0.0,0.0,0.0,0.0,30.0,0.0,0.0,0,30.0,0.0,0.0,0.0,0.0,0.0,15.0,0.0,1.0,0.0,0,0.0,0.0,980.0,44.0,0.0,0.0,0.0,10.0,0.0,0.0,0.0,0.0,0.0,0.0,0.0,0.0,0.0,0.0,0.0,0.0,10.0,0.0,0.0,0.0,0.0,0.0,0.0,0.0,0.0,0.0,10.0,15.0,0.0,0,0.0,0,0,0,1341.0,0.0,0,0.0,0.0,0,0.0,0,7,0.0,0.0,0.0,0.0,0.0,0.0,0.0,0.0,10.0,0.0,0.0,19.0,0,0,0,0.0,0.0,0.0,0.0,1.0,0.0,0.0,0.0,0.0,0.0,0.0,0.0,1.0,0.0,0.0,0.0,0.0,0.0,0.0,0.0,0.0,0.0,0.0,1.0,0.0,0.0,0.0,0.0,0.0,0.0,30.0,0.0,0.0,0.0,0.0,0.0,0.0,0.0,0.0,0.0,0.0,0.0,0.0,0.0,0.0,0.0,0.0,0.0,0.0,0.0,0.0,0.0,0.0,0.0,1.0,0.0,0.0,0.0,0.0,0.0,0.0,0.0,0.0,0.0,0.0,0.0,30.0,0.0,1.0,0.0,1.0,0.0,0.0,202.0,0.0,0.0,0.0,0.0,0.0,0.0,0.0,0.0,0.0
빛나는 도발 허수아비,4.0,0,5,1,11,0,6,10,0,31,0,3,1,21,6,0.0,1.0,0.0,0.0,1.0,38.0,15.0,4.0,3.0,0.0,0.0,60.0,7.0,17.0,18.0,2.0,0.0,13,0.0,4.0,0.0,0.0,0.0,111.0,29.0,13.0,0,0.0,0.0,0.0,28.0,0.0,0.0,0.0,0.0,0.0,0.0,0,0.0,0.0,2.0,0.0,0.0,4.0,24.0,0.0,2.0,0.0,0.0,3.0,0.0,14.0,,0.0,1.0,0.0,0.0,0.0,0.0,0.0,0.0,0.0,0.0,0.0,0.0,1.0,10.0,0.0,0.0,0.0,0.0,0,10.0,0,0,0,0.0,0.0,1,5.0,0.0,0,0.0,0,0,0.0,0.0,0.0,0.0,1.0,0.0,0.0,2.0,4.0,0.0,0.0,0.0,0,0,0,13.0,0.0,0.0,0.0,5.0,0.0,0.0,0.0,0.0,25.0,10.0,0.0,2.0,0.0,0.0,0.0,0.0,1.0,50.0,0.0,4.0,0.0,0.0,0.0,0.0,0.0,0.0,30.0,2.0,0.0,5.0,8.0,22.0,0.0,0.0,0.0,0.0,1.0,2.0,0.0,1.0,1.0,0.0,0.0,4.0,0.0,1.0,1.0,0.0,0.0,0.0,0.0,1.0,0.0,7.0,0.0,0.0,0.0,0.0,0.0,0.0,0.0,0.0,1.0,0.0,0.0,5.0,4.0,0.0,45.0,5.0,2.0,0.0,1.0,1.0,0.0,0.0,0.0,0.0,10.0,0.0,0.0,
빛나는 만능 물약,70.0,10,4,6,1,139,19,31,34,25,117,20,2,50,105,4.0,0.0,162.0,3.0,24.0,3.0,41.0,5.0,26.0,55.0,3.0,74.0,15.0,33.0,80.0,102.0,213.0,1,201.0,1.0,44.0,1.0,38.0,4.0,3.0,3.0,64,13.0,17.0,3.0,2.0,0.0,61.0,12.0,0.0,75.0,3.0,80,12.0,21.0,192.0,4.0,0.0,0.0,0.0,18.0,2.0,50.0,70.0,43.0,0.0,0.0,0.0,1.0,52.0,15.0,204.0,0.0,51.0,110.0,2.0,5.0,2.0,3.0,2.0,1.0,3.0,1.0,213.0,0.0,37.0,1,0.0,125,0,92,13.0,6.0,179,0.0,0.0,15,2.0,4,0,3.0,100.0,3.0,1.0,0.0,61.0,0.0,13.0,5.0,36.0,26.0,4.0,0,0,0,13.0,50.0,50.0,51.0,0.0,55.0,20.0,2.0,9.0,40.0,7.0,138.0,9.0,27.0,2.0,128.0,207.0,59.0,112.0,15.0,31.0,7.0,8.0,9.0,45.0,13.0,922.0,77.0,14.0,41.0,257.0,9.0,6.0,8.0,150.0,26.0,266.0,14.0,5.0,93.0,1.0,65.0,511.0,7.0,13.0,103.0,168.0,5.0,304.0,1224.0,0.0,1.0,2.0,2.0,71.0,2.0,142.0,2.0,2.0,3.0,20.0,34.0,32.0,0.0,505.0,6.0,0.0,0.0,22.0,10.0,58.0,0.0,345.0,10.0,10.0,10.0,0.0,11.0,0.0,0.0,7.0,11.0,0.0
빛나는 모닥불,1.0,1,1,28,0,1,0,5,1,0,13,0,0,0,0,0.0,0.0,0.0,0.0,0.0,0.0,1.0,0.0,0.0,0.0,0.0,0.0,0.0,0.0,0.0,0.0,0.0,0,0.0,0.0,0.0,0.0,0.0,0.0,13.0,0.0,0,0.0,0.0,0.0,0.0,0.0,0.0,0.0,0.0,1.0,0.0,0,0.0,1.0,0.0,0.0,0.0,0.0,0.0,0.0,0.0,0.0,0.0,0.0,0.0,1.0,0.0,0.0,0.0,0.0,0.0,0.0,0.0,0.0,0.0,0.0,0.0,0.0,0.0,0.0,0.0,0.0,0.0,1.0,0.0,0,0.0,0,0,0,0.0,0.0,1,0.0,0.0,0,0.0,0,0,0.0,0.0,0.0,0.0,0.0,0.0,0.0,0.0,0.0,0.0,0.0,0.0,0,0,0,0.0,1.0,0.0,0.0,1.0,0.0,22.0,0.0,0.0,0.0,0.0,0.0,1.0,0.0,1.0,0.0,0.0,0.0,0.0,0.0,0.0,0.0,0.0,1.0,0.0,0.0,24.0,0.0,0.0,0.0,1.0,0.0,0.0,0.0,0.0,0.0,20.0,0.0,0.0,0.0,0.0,1.0,0.0,0.0,0.0,0.0,0.0,0.0,0.0,0.0,40.0,0.0,0.0,0.0,1.0,0.0,0.0,0.0,0.0,0.0,7.0,0.0,0.0,0.0,0.0,0.0,0.0,0.0,1.0,0.0,0.0,49.0,0.0,0.0,0.0,0.0,0.0,0.0,0.0,49.0,0.0,0.0,0.0
빛나는 보호 물약,0.0,68,7,0,0,20,0,45,0,0,0,0,0,0,0,0.0,0.0,0.0,0.0,0.0,0.0,0.0,40.0,0.0,616.0,12.0,0.0,0.0,0.0,0.0,43.0,0.0,0,32.0,42.0,0.0,28.0,0.0,0.0,24.0,126.0,259,314.0,0.0,0.0,0.0,0.0,0.0,16.0,0.0,1.0,6.0,0,20.0,4.0,0.0,2.0,2.0,0.0,0.0,0.0,0.0,0.0,14.0,5.0,0.0,0.0,12.0,0.0,0.0,0.0,0.0,0.0,0.0,0.0,0.0,0.0,0.0,0.0,1.0,2.0,40.0,1.0,2.0,0.0,10.0,12,1.0,0,0,0,101.0,40.0,0,0.0,1.0,2,0.0,0,0,0.0,0.0,0.0,10.0,100.0,0.0,1.0,0.0,0.0,0.0,0.0,0.0,0,0,1,0.0,0.0,0.0,2.0,1.0,0.0,0.0,0.0,0.0,0.0,0.0,0.0,1.0,0.0,0.0,0.0,0.0,10.0,0.0,0.0,0.0,0.0,0.0,1.0,0.0,26.0,0.0,0.0,0.0,41.0,0.0,0.0,0.0,0.0,16.0,0.0,0.0,0.0,0.0,8.0,0.0,0.0,0.0,0.0,0.0,0.0,1.0,0.0,0.0,2.0,2.0,0.0,0.0,1.0,1.0,0.0,0.0,2.0,0.0,0.0,38.0,0.0,0.0,0.0,1.0,0.0,0.0,0.0,1.0,0.0,0.0,0.0,0.0,0.0,0.0,0.0,0.0,4.0,0.0,0.0,0.0,0.0,0.0
빛나는 부식 폭탄,203.0,51,233,99,206,274,239,312,248,115,35,39,414,257,596,40.0,20.0,171.0,86.0,180.0,80.0,656.0,120.0,309.0,282.0,203.0,270.0,315.0,20.0,133.0,155.0,419.0,58,143.0,140.0,218.0,97.0,2.0,380.0,54.0,216.0,21,31.0,0.0,10.0,75.0,218.0,50.0,40.0,125.0,199.0,0.0,177,39.0,121.0,87.0,256.0,45.0,0.0,23.0,30.0,360.0,10.0,193.0,184.0,140.0,10.0,110.0,10.0,61.0,152.0,18.0,0.0,129.0,3.0,18.0,100.0,20.0,0.0,0.0,39.0,50.0,5.0,100.0,107.0,0.0,150,30.0,110,20,9,870.0,0.0,10,0.0,0.0,130,68.0,10,10,122.0,0.0,64.0,6.0,20.0,21.0,0.0,0.0,29.0,70.0,51.0,200.0,20,0,501,66.0,0.0,8.0,55.0,37.0,0.0,22.0,0.0,0.0,62.0,50.0,3.0,51.0,0.0,253.0,0.0,9.0,11.0,0.0,10.0,20.0,0.0,12.0,1.0,178.0,20.0,50.0,0.0,120.0,9.0,120.0,260.0,0.0,0.0,0.0,300.0,82.0,0.0,19.0,28.0,4.0,150.0,215.0,100.0,110.0,197.0,133.0,46.0,299.0,200.0,0.0,0.0,0.0,41.0,1.0,17.0,0.0,51.0,1123.0,149.0,246.0,10.0,0.0,0.0,0.0,0.0,933.0,40.0,11.0,5.0,0.0,0.0,0.0,0.0,9.0,0.0,0.0,124.0,10.0,116.0,0.0,20.0,0.0
빛나는 섬광 수류탄,2159.0,406,503,507,278,166,159,221,166,23,179,77,205,330,1045,78.0,10.0,300.0,263.0,345.0,29.0,100.0,55.0,100.0,269.0,133.0,45.0,135.0,186.0,120.0,10.0,112.0,200,528.0,7.0,81.0,20.0,230.0,45.0,188.0,202.0,204,210.0,13.0,79.0,325.0,57.0,246.0,242.0,217.0,113.0,130.0,315,310.0,424.0,302.0,10.0,15.0,15.0,0.0,126.0,137.0,231.0,441.0,283.0,99.0,369.0,446.0,457.0,535.0,158.0,20.0,60.0,70.0,230.0,135.0,101.0,123.0,0.0,50.0,90.0,35.0,66.0,60.0,40.0,95.0,203,552.0,481,428,1399,1712.0,945.0,346,394.0,235.0,503,326.0,462,174,125.0,226.0,15.0,33.0,187.0,373.0,170.0,67.0,241.0,120.0,70.0,181.0,425,140,20,5.0,71.0,15.0,280.0,155.0,30.0,0.0,40.0,40.0,75.0,202.0,91.0,101.0,0.0,71.0,162.0,11.0,30.0,91.0,31.0,111.0,30.0,80.0,143.0,104.0,151.0,6.0,5.0,366.0,171.0,123.0,10.0,152.0,0.0,1.0,65.0,74.0,387.0,211.0,261.0,101.0,0.0,126.0,0.0,115.0,270.0,84.0,90.0,10.0,95.0,15.0,42.0,30.0,66.0,4.0,0.0,16.0,23.0,28.0,152.0,314.0,3.0,10.0,20.0,0.0,20.0,26.0,160.0,50.0,10.0,80.0,140.0,120.0,50.0,160.0,20.0,107.0,20.0,130.0,28.0,82.0,189.0,0.0
빛나는 성스러운 부적,11345.0,5351,6830,5877,4985,4551,7035,5618,4013,4734,5248,4702,5122,5704,6788,3638.0,2427.0,3976.0,3720.0,3474.0,5259.0,5580.0,3965.0,3682.0,13297.0,9945.0,10570.0,7605.0,6208.0,3688.0,2342.0,7691.0,5913,5488.0,6714.0,7184.0,3060.0,1948.0,5958.0,4938.0,6867.0,6252,4871.0,2103.0,1843.0,7294.0,4838.0,3775.0,6765.0,4906.0,2602.0,2151.0,6202,5045.0,5352.0,6897.0,6196.0,5901.0,3286.0,10176.0,7328.0,6619.0,9620.0,10519.0,4090.0,4872.0,5718.0,6167.0,9934.0,7581.0,6138.0,6672.0,6892.0,5941.0,4932.0,4430.0,7346.0,8573.0,3090.0,1991.0,6590.0,4784.0,5238.0,11878.0,21874.0,3644.0,15870,77935.0,67550,73616,102664,106814.0,86876.0,40494,28104.0,35078.0,40430,56676.0,53280,27408,20872.0,34074.0,20888.0,28372.0,37636.0,36673.0,20569.0,14803.0,14752.0,16591.0,20176.0,29252.0,28595,14709,11003,12074.0,4524.0,3919.0,6593.0,16876.0,4424.0,1758.0,3001.0,5133.0,3974.0,8078.0,7170.0,3107.0,3081.0,3748.0,4500.0,3080.0,3452.0,3743.0,2318.0,4096.0,3785.0,3184.0,4138.0,3857.0,2952.0,2425.0,2170.0,4122.0,4258.0,4763.0,6077.0,4231.0,3641.0,2510.0,6885.0,4984.0,6447.0,8621.0,6609.0,4080.0,10511.0,6739.0,8346.0,5814.0,6534.0,7944.0,10696.0,13044.0,21080.0,11202.0,7707.0,6454.0,3406.0,12168.0,382.0,6736.0,3124.0,1935.0,2394.0,9224.0,2355.0,857.0,2609.0,2818.0,4477.0,3271.0,2709.0,1480.0,2181.0,1342.0,2890.0,1643.0,1100.0,1742.0,5057.0,1833.0,2825.0,1341.0,1764.0,13099.0,1588.0,250.0
빛나는 성스러운 폭탄,112927.0,69434,55827,42476,26421,24421,29847,27834,18621,8763,29000,26936,25182,31001,28765,13183.0,9949.0,27172.0,28823.0,24946.0,32657.0,32074.0,13340.0,11410.0,30199.0,26472.0,26868.0,26946.0,25061.0,8583.0,7892.0,26312.0,25094,22819.0,26807.0,24495.0,11165.0,7808.0,25448.0,22607.0,23960.0,27911,26063.0,10805.0,8608.0,27768.0,25592.0,25435.0,30457.0,26380.0,13252.0,8375.0,27740,28792.0,23878.0,32395.0,24939.0,12545.0,11476.0,27057.0,26324.0,24457.0,29089.0,25700.0,13653.0,9029.0,24804.0,21148.0,29667.0,28457.0,24888.0,14015.0,24473.0,25536.0,27619.0,25699.0,30092.0,25713.0,13365.0,12824.0,35195.0,30993.0,26947.0,32405.0,30607.0,19123.0,23255,127877.0,103701,113485,148931,123870.0,98933.0,47960,43610.0,43822.0,49013,70885.0,71676,32513,26846.0,46779.0,35521.0,38930.0,47986.0,44298.0,22018.0,16078.0,32563.0,33365.0,32193.0,38181.0,43346,18841,16986,27616.0,20504.0,20363.0,26453.0,19063.0,12224.0,10816.0,15814.0,17086.0,16396.0,18121.0,15277.0,10497.0,9294.0,19184.0,18850.0,23104.0,21057.0,17606.0,9822.0,13686.0,14950.0,14830.0,18447.0,22358.0,21401.0,7546.0,7759.0,22413.0,21201.0,28979.0,22934.0,21260.0,10648.0,7884.0,22375.0,19839.0,20754.0,21296.0,19722.0,10876.0,10229.0,25873.0,20820.0,21015.0,22626.0,18617.0,14741.0,18459.0,57385.0,21015.0,15703.0,16046.0,11635.0,9118.0,6353.0,8472.0,7977.0,9942.0,11544.0,9549.0,8673.0,4245.0,7364.0,10324.0,8117.0,11721.0,13736.0,5146.0,7601.0,6020.0,7741.0,9958.0,10612.0,8727.0,5101.0,3481.0,11727.0,5846.0,6499.0,8354.0,8572.0,615.0
빛나는 수면 폭탄,23.0,0,3,0,0,0,0,0,0,0,0,0,0,0,50,1.0,0.0,0.0,0.0,0.0,0.0,0.0,0.0,0.0,0.0,0.0,0.0,0.0,0.0,0.0,0.0,0.0,0,100.0,0.0,1.0,0.0,0.0,0.0,0.0,0.0,0,0.0,0.0,0.0,0.0,0.0,0.0,0.0,0.0,0.0,0.0,0,0.0,1.0,0.0,0.0,0.0,0.0,0.0,10.0,0.0,0.0,0.0,0.0,0.0,0.0,0.0,0.0,0.0,0.0,0.0,0.0,0.0,0.0,0.0,0.0,0.0,0.0,0.0,0.0,0.0,0.0,1.0,0.0,0.0,0,0.0,0,0,0,0.0,0.0,0,0.0,0.0,0,0.0,0,0,0.0,0.0,0.0,0.0,0.0,0.0,2.0,0.0,0.0,1.0,0.0,0.0,0,0,2,0.0,0.0,0.0,0.0,1.0,0.0,0.0,1.0,0.0,0.0,0.0,0.0,1.0,0.0,0.0,0.0,0.0,0.0,0.0,0.0,2.0,0.0,0.0,1.0,0.0,0.0,0.0,0.0,0.0,0.0,0.0,0.0,0.0,0.0,0.0,0.0,0.0,0.0,0.0,0.0,0.0,0.0,0.0,0.0,0.0,0.0,0.0,0.0,0.0,0.0,0.0,0.0,0.0,1.0,1.0,0.0,0.0,0.0,0.0,0.0,0.0,0.0,0.0,0.0,1.0,0.0,0.0,0.0,1.0,0.0,0.0,0.0,0.0,102.0,0.0,0.0,0.0,0.0,0.0,0.0,0.0,0.0,0.0
빛나는 신속 로브,,0,1,0,0,0,0,0,0,0,5,0,0,0,0,0.0,0.0,2.0,0.0,0.0,0.0,0.0,0.0,0.0,0.0,0.0,0.0,0.0,0.0,0.0,2.0,0.0,0,0.0,114.0,0.0,0.0,0.0,0.0,0.0,0.0,0,0.0,0.0,0.0,0.0,0.0,25.0,0.0,0.0,0.0,0.0,0,0.0,1.0,0.0,0.0,10.0,3.0,0.0,1.0,0.0,0.0,0.0,0.0,2.0,0.0,0.0,8.0,0.0,1.0,37.0,4.0,0.0,0.0,36.0,0.0,2.0,0.0,2.0,0.0,0.0,0.0,3.0,1.0,0.0,0,0.0,0,86,132,80.0,0.0,16,14.0,0.0,80,19.0,2,0,0.0,0.0,0.0,0.0,0.0,0.0,8.0,3.0,0.0,2.0,0.0,3.0,18,0,0,0.0,0.0,0.0,0.0,1.0,0.0,0.0,0.0,0.0,0.0,0.0,0.0,1.0,0.0,0.0,0.0,0.0,0.0,0.0,0.0,0.0,0.0,0.0,1.0,0.0,0.0,0.0,0.0,0.0,0.0,0.0,0.0,0.0,0.0,0.0,0.0,0.0,0.0,0.0,5.0,1.0,0.0,0.0,0.0,0.0,0.0,0.0,245.0,0.0,79.0,0.0,0.0,185.0,1.0,1.0,0.0,0.0,0.0,0.0,0.0,0.0,0.0,0.0,0.0,0.0,100.0,0.0,0.0,1.0,0.0,0.0,0.0,0.0,0.0,0.0,0.0,0.0,20.0,0.0,0.0,0.0,0.0,0.0
빛나는 암흑 수류탄,60323.0,34335,31441,28044,27527,16478,24472,23383,17889,11307,27521,24210,26604,26019,19996,7254.0,7988.0,15920.0,22835.0,23489.0,26173.0,24290.0,8113.0,11508.0,59643.0,53520.0,48647.0,50709.0,56494.0,23733.0,14958.0,34358.0,27977,22043.0,25796.0,27804.0,10312.0,6848.0,22656.0,17476.0,16494.0,26275,17018.0,9178.0,5681.0,18758.0,19672.0,16467.0,18521.0,16087.0,8161.0,6369.0,18476,20046.0,26573.0,22786.0,23859.0,43433.0,35814.0,96915.0,90601.0,107840.0,142367.0,141445.0,62346.0,43769.0,33190.0,40945.0,70749.0,80088.0,63728.0,39621.0,36156.0,20946.0,24927.0,25732.0,49252.0,47531.0,38414.0,23204.0,21995.0,29455.0,42317.0,53824.0,52300.0,36215.0,41118,77132.0,92770,120122,185883,226953.0,201732.0,108401,68325.0,60745.0,69449,125276.0,118107,59686,46795.0,58181.0,36496.0,54207.0,78890.0,78620.0,40742.0,30127.0,28137.0,42125.0,49039.0,64498.0,63622,28747,28963,21270.0,6914.0,8839.0,19781.0,15295.0,16397.0,7893.0,13577.0,11396.0,9498.0,20888.0,10182.0,8676.0,9244.0,9013.0,12056.0,8152.0,14615.0,16762.0,11345.0,8483.0,10268.0,7866.0,12054.0,13879.0,13875.0,7658.0,6038.0,9183.0,17559.0,12760.0,15334.0,16096.0,28094.0,11975.0,9554.0,15948.0,18532.0,20963.0,18112.0,12600.0,15087.0,30274.0,32374.0,25402.0,26275.0,38898.0,34298.0,45668.0,64609.0,67737.0,115240.0,153715.0,132521.0,64776.0,40909.0,57075.0,71041.0,81370.0,117534.0,110779.0,83520.0,37652.0,55115.0,65846.0,73808.0,116461.0,105573.0,50737.0,41488.0,47578.0,51945.0,52760.0,88024.0,71551.0,24440.0,17539.0,32712.0,32326.0,33426.0,49476.0,45204.0,5393.0
빛나는 위장 로브,0.0,0,8,0,0,0,0,0,0,13,0,0,0,0,0,9.0,20.0,0.0,0.0,0.0,0.0,0.0,0.0,0.0,0.0,0.0,0.0,0.0,0.0,0.0,3.0,0.0,0,0.0,15.0,1.0,0.0,0.0,0.0,0.0,0.0,0,0.0,0.0,0.0,0.0,0.0,0.0,0.0,0.0,1.0,0.0,0,0.0,1.0,0.0,0.0,0.0,0.0,0.0,1.0,0.0,0.0,0.0,0.0,0.0,0.0,3.0,0.0,0.0,0.0,0.0,0.0,1.0,0.0,0.0,0.0,0.0,1.0,0.0,0.0,0.0,0.0,1.0,1.0,0.0,0,0.0,0,0,1,1.0,0.0,30,0.0,0.0,0,0.0,0,0,100.0,0.0,1.0,0.0,12.0,10.0,0.0,0.0,0.0,0.0,0.0,0.0,0,0,0,0.0,0.0,0.0,0.0,20.0,0.0,0.0,0.0,0.0,0.0,0.0,0.0,1.0,0.0,0.0,0.0,0.0,0.0,0.0,0.0,0.0,0.0,0.0,101.0,0.0,0.0,0.0,0.0,0.0,0.0,0.0,0.0,0.0,0.0,28.0,30.0,0.0,0.0,0.0,0.0,0.0,0.0,0.0,0.0,0.0,0.0,2.0,0.0,0.0,0.0,0.0,0.0,38.0,80.0,1.0,0.0,0.0,0.0,22.0,9.0,22.0,67.0,0.0,26.0,8.0,0.0,0.0,0.0,1.0,0.0,0.0,0.0,0.0,3.0,2.0,80.0,0.0,0.0,0.0,11.0,0.0,0.0,
빛나는 은신 로브,,0,0,0,1,0,1,0,0,0,0,2,0,10,0,0.0,0.0,0.0,0.0,0.0,0.0,0.0,5.0,0.0,0.0,0.0,0.0,0.0,2.0,0.0,0.0,0.0,0,0.0,1.0,1.0,0.0,0.0,0.0,0.0,0.0,0,0.0,0.0,0.0,0.0,0.0,0.0,0.0,101.0,0.0,0.0,0,0.0,1.0,0.0,0.0,0.0,0.0,0.0,1.0,0.0,173.0,5.0,0.0,2.0,0.0,1.0,2.0,0.0,0.0,0.0,0.0,0.0,0.0,0.0,0.0,0.0,0.0,2.0,0.0,0.0,0.0,0.0,0.0,0.0,0,0.0,0,0,0,0.0,0.0,30,0.0,0.0,0,0.0,0,0,0.0,0.0,0.0,0.0,19.0,0.0,0.0,0.0,15.0,0.0,0.0,0.0,0,0,0,1.0,0.0,0.0,0.0,1.0,0.0,0.0,0.0,0.0,0.0,10.0,0.0,1.0,0.0,0.0,0.0,0.0,0.0,0.0,0.0,0.0,0.0,0.0,11.0,0.0,0.0,0.0,0.0,0.0,0.0,0.0,0.0,0.0,0.0,0.0,30.0,0.0,0.0,0.0,0.0,0.0,0.0,0.0,0.0,11.0,0.0,2.0,0.0,0.0,0.0,0.0,0.0,0.0,0.0,1.0,0.0,0.0,0.0,0.0,0.0,0.0,0.0,0.0,0.0,0.0,0.0,0.0,0.0,1.0,0.0,0.0,0.0,0.0,0.0,0.0,0.0,0.0,0.0,0.0,0.0,0.0,1.0,
빛나는 전기 수류탄,,0,1,0,0,0,3,0,0,0,0,0,0,1,0,0.0,0.0,0.0,0.0,0.0,0.0,0.0,0.0,0.0,0.0,0.0,0.0,0.0,0.0,0.0,16.0,0.0,0,0.0,0.0,1.0,0.0,0.0,0.0,0.0,0.0,0,0.0,0.0,0.0,0.0,0.0,0.0,0.0,0.0,0.0,0.0,0,0.0,0.0,0.0,0.0,0.0,0.0,0.0,10.0,0.0,0.0,0.0,0.0,0.0,0.0,0.0,0.0,0.0,0.0,0.0,0.0,0.0,0.0,0.0,0.0,0.0,0.0,0.0,0.0,1.0,0.0,0.0,1.0,0.0,0,0.0,0,0,0,0.0,0.0,0,0.0,0.0,0,0.0,0,0,0.0,0.0,0.0,0.0,0.0,0.0,0.0,0.0,0.0,2.0,0.0,0.0,0,0,1,0.0,0.0,0.0,0.0,1.0,0.0,0.0,0.0,0.0,0.0,0.0,0.0,1.0,0.0,0.0,0.0,0.0,0.0,0.0,0.0,2.0,0.0,0.0,1.0,0.0,0.0,0.0,0.0,0.0,0.0,0.0,0.0,2.0,0.0,0.0,0.0,0.0,0.0,0.0,2.0,0.0,0.0,0.0,0.0,0.0,0.0,0.0,0.0,0.0,0.0,0.0,0.0,0.0,84.0,1.0,0.0,0.0,0.0,0.0,0.0,0.0,2.0,0.0,0.0,0.0,0.0,0.0,0.0,1.0,0.0,0.0,0.0,0.0,0.0,0.0,0.0,0.0,0.0,0.0,0.0,0.0,0.0,0.0
빛나는 점토 수류탄,0.0,0,1,0,0,0,0,0,0,0,0,0,4,0,0,0.0,0.0,0.0,0.0,0.0,0.0,0.0,0.0,0.0,0.0,0.0,0.0,0.0,0.0,0.0,0.0,0.0,0,0.0,0.0,0.0,0.0,0.0,0.0,0.0,0.0,0,0.0,0.0,0.0,2.0,0.0,0.0,0.0,0.0,0.0,0.0,0,0.0,0.0,0.0,0.0,0.0,0.0,0.0,20.0,0.0,0.0,0.0,0.0,0.0,0.0,0.0,0.0,0.0,0.0,0.0,0.0,0.0,0.0,0.0,0.0,0.0,0.0,0.0,0.0,0.0,0.0,0.0,2.0,0.0,0,0.0,0,0,0,0.0,0.0,0,0.0,0.0,0,4.0,0,0,0.0,0.0,0.0,0.0,0.0,0.0,2.0,0.0,0.0,0.0,0.0,6.0,0,0,2,0.0,0.0,0.0,0.0,1.0,0.0,0.0,0.0,0.0,0.0,0.0,0.0,1.0,0.0,0.0,0.0,0.0,0.0,0.0,0.0,0.0,0.0,0.0,1.0,0.0,0.0,0.0,0.0,0.0,0.0,100.0,0.0,1.0,0.0,0.0,0.0,0.0,0.0,0.0,0.0,0.0,0.0,0.0,0.0,0.0,0.0,0.0,0.0,0.0,0.0,0.0,0.0,0.0,1.0,1.0,0.0,0.0,0.0,0.0,0.0,0.0,0.0,0.0,0.0,0.0,0.0,0.0,0.0,1.0,0.0,0.0,0.0,0.0,30.0,30.0,0.0,0.0,0.0,0.0,0.0,0.0,0.0,0.0
빛나는 정령의 회복약,54334.0,38618,28907,20182,15109,13054,20674,15655,12114,5630,18691,19230,20131,18665,17196,6729.0,5586.0,17533.0,16598.0,15388.0,17686.0,19784.0,8735.0,8774.0,50196.0,36239.0,30278.0,34634.0,30596.0,11948.0,8540.0,20637.0,17198,16386.0,18960.0,23354.0,6930.0,6446.0,18712.0,15105.0,13320.0,14185,15025.0,5398.0,4324.0,12435.0,12999.0,12821.0,14783.0,13411.0,6033.0,6294.0,12322,13408.0,13571.0,19540.0,12439.0,9279.0,8151.0,61289.0,65365.0,70311.0,92602.0,88417.0,38129.0,25440.0,29233.0,29174.0,45902.0,45255.0,38476.0,22050.0,26597.0,15368.0,15211.0,18563.0,26897.0,28894.0,10557.0,7883.0,17901.0,15100.0,16288.0,44773.0,33741.0,18757.0,27104,91318.0,92173,121335,171010,177376.0,144589.0,71586,47594.0,48951.0,55475,90792.0,88205,44837,36059.0,46243.0,30863.0,41877.0,60029.0,56717.0,31645.0,20853.0,22858.0,28567.0,34836.0,49855.0,49041,25667,20362,14150.0,7131.0,5315.0,12973.0,13627.0,6834.0,2883.0,4963.0,15948.0,7972.0,11352.0,10470.0,10094.0,12432.0,6413.0,6234.0,7332.0,11280.0,9200.0,7942.0,6947.0,4429.0,6462.0,11718.0,13104.0,14433.0,7462.0,8768.0,6381.0,7954.0,10571.0,15425.0,14173.0,16336.0,8589.0,10338.0,16179.0,14846.0,11579.0,11392.0,10312.0,10200.0,18889.0,10284.0,10189.0,13916.0,27901.0,15436.0,46359.0,56200.0,49017.0,52146.0,74886.0,60619.0,29851.0,25138.0,53393.0,31976.0,38597.0,47481.0,42699.0,48953.0,24819.0,30173.0,38588.0,34070.0,47999.0,41916.0,23750.0,19339.0,25661.0,22363.0,28283.0,28907.0,30139.0,15568.0,12836.0,21773.0,15538.0,15745.0,17314.0,19203.0,5792.0
빛나는 진군의 깃발,0.0,0,1,0,0,0,0,0,0,0,0,0,1,0,0,0.0,0.0,1.0,0.0,0.0,0.0,0.0,56.0,2.0,2.0,0.0,0.0,1.0,0.0,0.0,2.0,0.0,0,0.0,0.0,0.0,0.0,0.0,2.0,0.0,0.0,0,0.0,0.0,0.0,0.0,0.0,0.0,0.0,0.0,0.0,0.0,0,19.0,0.0,0.0,0.0,0.0,9.0,2.0,0.0,0.0,3.0,22.0,2.0,6.0,0.0,0.0,0.0,18.0,0.0,8.0,4.0,0.0,0.0,6.0,0.0,1.0,0.0,4.0,0.0,0.0,0.0,10.0,4.0,2.0,0,0.0,0,0,0,0.0,0.0,0,0.0,0.0,0,0.0,0,0,0.0,10.0,0.0,0.0,0.0,0.0,0.0,0.0,0.0,0.0,0.0,0.0,2,0,0,0.0,1.0,0.0,0.0,1.0,0.0,0.0,0.0,0.0,0.0,0.0,0.0,1.0,0.0,0.0,0.0,0.0,20.0,0.0,0.0,0.0,0.0,0.0,1.0,0.0,18.0,0.0,0.0,0.0,0.0,0.0,0.0,0.0,0.0,0.0,0.0,0.0,0.0,0.0,0.0,1.0,0.0,0.0,0.0,0.0,0.0,0.0,0.0,0.0,0.0,0.0,0.0,1.0,1.0,1.0,0.0,0.0,0.0,0.0,0.0,0.0,0.0,66.0,24.0,0.0,100.0,100.0,0.0,1.0,0.0,0.0,0.0,0.0,0.0,0.0,0.0,0.0,110.0,0.0,18.0,0.0,0.0,0.0
빛나는 천둥 물약,0.0,0,0,1,0,0,0,0,0,0,0,0,26,0,0,0.0,0.0,0.0,0.0,0.0,0.0,0.0,0.0,0.0,0.0,0.0,10.0,0.0,0.0,0.0,2.0,0.0,0,0.0,0.0,1.0,0.0,0.0,0.0,0.0,0.0,0,0.0,0.0,0.0,0.0,0.0,0.0,0.0,0.0,9.0,0.0,0,0.0,2.0,0.0,0.0,0.0,1.0,0.0,10.0,0.0,0.0,0.0,0.0,0.0,0.0,0.0,0.0,0.0,0.0,0.0,0.0,0.0,0.0,0.0,0.0,0.0,0.0,0.0,0.0,0.0,0.0,0.0,1.0,0.0,0,0.0,0,0,0,0.0,0.0,0,0.0,0.0,0,0.0,0,0,0.0,0.0,0.0,0.0,0.0,0.0,0.0,0.0,0.0,0.0,0.0,0.0,0,0,0,0.0,0.0,0.0,0.0,1.0,0.0,0.0,0.0,0.0,0.0,0.0,0.0,1.0,0.0,0.0,0.0,0.0,0.0,0.0,0.0,0.0,0.0,0.0,1.0,0.0,0.0,0.0,0.0,0.0,0.0,0.0,0.0,0.0,0.0,0.0,0.0,0.0,0.0,0.0,0.0,0.0,1.0,0.0,0.0,0.0,0.0,0.0,0.0,0.0,0.0,0.0,0.0,0.0,1.0,1.0,0.0,0.0,0.0,0.0,0.0,0.0,0.0,0.0,0.0,0.0,0.0,0.0,0.0,1.0,0.0,0.0,0.0,0.0,0.0,0.0,0.0,0.0,0.0,0.0,0.0,1.0,0.0,0.0
빛나는 파괴 폭탄,400.0,130,68,361,129,49,266,168,101,32,159,227,113,439,340,98.0,2030.0,317.0,234.0,260.0,145.0,463.0,230.0,40.0,530.0,62.0,258.0,531.0,207.0,10346.0,115.0,103.0,111,210.0,177.0,242.0,244.0,76.0,30.0,859.0,723.0,150,55.0,175.0,10.0,60.0,233.0,101.0,483.0,141.0,412.0,112.0,81,144.0,136.0,866.0,54.0,236.0,1227.0,0.0,10.0,55.0,397.0,30.0,74.0,165.0,130.0,110.0,29.0,15.0,59.0,50.0,11.0,23.0,171.0,80.0,53.0,23.0,20.0,30.0,120.0,10.0,85.0,143.0,117.0,111.0,247,2.0,7,155,33,468.0,100.0,32,220.0,3.0,34,7.0,124,64,25.0,251.0,20.0,48.0,113.0,106.0,0.0,0.0,92.0,145.0,96.0,15.0,10,50,716,21.0,149.0,35.0,52.0,95.0,140.0,58.0,40.0,151.0,1209.0,20.0,261.0,102.0,210.0,1077.0,355.0,160.0,110.0,0.0,100.0,1.0,844.0,5.0,2.0,220.0,603.0,15.0,0.0,50.0,100.0,219.0,520.0,170.0,1.0,150.0,120.0,10.0,272.0,302.0,54.0,743.0,134.0,125.0,50.0,735.0,235.0,392.0,597.0,760.0,399.0,5.0,0.0,1.0,447.0,1.0,200.0,70.0,120.0,152.0,667.0,284.0,1.0,33.0,165.0,91.0,940.0,60.0,18.0,201.0,10.0,132.0,26.0,589.0,257.0,21.0,2.0,22.0,135.0,61.0,125.0,45.0,10.0,0.0
빛나는 화염 수류탄,0.0,0,1,0,0,0,0,0,0,0,0,0,0,0,0,0.0,0.0,0.0,0.0,0.0,0.0,0.0,2.0,0.0,0.0,0.0,1.0,0.0,0.0,0.0,0.0,0.0,0,0.0,0.0,0.0,0.0,0.0,0.0,4.0,0.0,0,0.0,0.0,0.0,0.0,0.0,0.0,0.0,0.0,0.0,0.0,0,0.0,0.0,0.0,0.0,0.0,1.0,0.0,10.0,0.0,0.0,0.0,0.0,0.0,20.0,0.0,0.0,0.0,0.0,0.0,0.0,0.0,0.0,0.0,0.0,0.0,0.0,0.0,0.0,0.0,0.0,0.0,0.0,0.0,0,0.0,0,0,0,143.0,0.0,0,0.0,0.0,0,0.0,0,0,0.0,0.0,0.0,0.0,0.0,0.0,0.0,0.0,0.0,0.0,0.0,0.0,0,0,0,0.0,0.0,0.0,0.0,1.0,0.0,0.0,0.0,0.0,0.0,0.0,0.0,1.0,4.0,0.0,0.0,0.0,0.0,0.0,0.0,0.0,0.0,0.0,1.0,0.0,0.0,0.0,0.0,0.0,0.0,0.0,0.0,0.0,0.0,0.0,0.0,0.0,0.0,0.0,0.0,0.0,0.0,0.0,0.0,0.0,10.0,0.0,0.0,11.0,13371.0,12593.0,4739.0,456.0,1837.0,736.0,487.0,412.0,250.0,2770.0,1091.0,962.0,141.0,250.0,160.0,90.0,270.0,283.0,50.0,275.0,101.0,6.0,0.0,140.0,30.0,95.0,0.0,0.0,130.0,30.0,90.0,67.0,112.0,0.0
빛나는 회오리 수류탄,686.0,623,487,324,180,255,390,211,166,218,90,270,173,358,87,109.0,25.0,62.0,237.0,1148.0,216.0,445.0,220.0,52.0,195.0,41.0,84.0,356.0,167.0,20.0,5.0,146.0,95,235.0,45.0,236.0,4.0,29.0,150.0,90.0,85.0,25,680.0,3.0,7.0,215.0,58.0,96.0,271.0,35.0,193.0,18.0,230,72.0,99.0,50.0,211.0,190.0,41.0,17.0,38.0,90.0,180.0,430.0,83.0,20.0,52.0,68.0,164.0,140.0,67.0,40.0,313.0,50.0,46.0,50.0,46.0,3.0,30.0,100.0,892.0,710.0,385.0,535.0,142.0,61.0,105,39.0,11,23,52,460.0,126.0,50,38.0,40.0,103,230.0,19,0,3.0,53.0,43.0,30.0,20.0,92.0,45.0,0.0,100.0,0.0,20.0,25.0,62,40,104,167.0,35.0,10.0,16.0,26.0,4.0,41.0,116.0,70.0,20.0,94.0,361.0,90.0,15.0,76.0,84.0,602.0,23.0,50.0,0.0,20.0,55.0,14.0,81.0,5.0,160.0,26.0,0.0,0.0,95.0,67.0,0.0,38.0,0.0,30.0,356.0,10.0,33.0,57.0,70.0,10.0,10.0,640.0,206.0,49.0,411.0,0.0,0.0,0.0,303.0,897.0,583.0,528.0,819.0,218.0,260.0,240.0,287.0,405.0,472.0,234.0,177.0,80.0,100.0,107.0,150.0,1341.0,326.0,111.0,15.0,13.0,1.0,240.0,95.0,73.0,124.0,20.0,95.0,16.0,151.0,18.0,47.0,0.0
상급 아비도스 융화 재료,2157085.0,1473088,1460885,2412536,2307552,1888415,2204517,2150495,1964031,1241264,2056729,2171921,3311348,3461624,3025579,2169605.0,1856441.0,2296514.0,2575122.0,2351225.0,2494229.0,2597934.0,1821218.0,1828753.0,3527065.0,2627498.0,2280948.0,2455289.0,2170323.0,1602542.0,1400496.0,2538464.0,2429583,2175526.0,2411179.0,2324205.0,1493618.0,1281996.0,2430358.0,2193342.0,2051259.0,2271886,2213331.0,1334551.0,1226811.0,2439734.0,2369699.0,2317786.0,2498061.0,2276799.0,1476022.0,1341339.0,2540247,2407536.0,5695328.0,5881980.0,5010548.0,3538426.0,3046874.0,5669179.0,4343354.0,4062667.0,4288462.0,3617676.0,2440414.0,1903970.0,2670581.0,2671862.0,3205869.0,2710602.0,2643661.0,2077792.0,1919034.0,2573670.0,2588153.0,2325213.0,2621337.0,2602061.0,1749342.0,1491285.0,2683940.0,2809473.0,2610146.0,2935975.0,3004705.0,2015025.0,2005477,4019513.0,4535176,4803306,5209967,4328996.0,3377767.0,2007640,2776981.0,2702539.0,2573013,3040797.0,2794018,1989370,1510775.0,2945365.0,2031344.0,1835051.0,2103597.0,1906732.0,1228993.0,1029499.0,1722507.0,1742313.0,1476454.0,1642007.0,1618598,1021356,1008880,1518852.0,1414151.0,1189124.0,4189924.0,4082127.0,2659616.0,1912772.0,2610127.0,2456145.0,2239811.0,2329617.0,1876962.0,1595263.0,1504466.0,2411277.0,2167678.0,2091213.0,2155156.0,2167591.0,1578836.0,1330647.0,2315983.0,2387393.0,2315327.0,2537428.0,2601962.0,1744176.0,1630614.0,3041735.0,2850806.0,3000177.0,2804234.0,2440123.0,2007373.0,1968648.0,3011425.0,3018360.0,3189741.0,3189287.0,3202046.0,2459484.0,2229075.0,4730638.0,4400526.0,4117763.0,4410812.0,3989812.0,3130925.0,3466506.0,7251663.0,6871120.0,6972089.0,8616653.0,9339842.0,6600174.0,5437493.0,7819001.0,6851674.0,6605580.0,7757660.0,7086459.0,6371246.0,4290260.0,5326804.0,4416387.0,3829872.0,4369016.0,3764200.0,2444984.0,2483627.0,7253761.0,6967357.0,5970662.0,7237716.0,6779274.0,4040548.0,3886872.0,6295710.0,6188800.0,5300998.0,5768378.0,5132689.0,661476.0
생선,28625.0,44397,16103,26676,33139,28553,26782,40546,40573,35839,50657,57433,62574,50422,50935,68708.0,59760.0,24048.0,41043.0,61447.0,65897.0,38407.0,26554.0,25300.0,23606.0,32726.0,22093.0,31728.0,28598.0,60571.0,50182.0,26442.0,21683,25561.0,20414.0,20618.0,18412.0,15037.0,45495.0,30452.0,33700.0,30897,39091.0,51299.0,22957.0,17836.0,27933.0,24869.0,24862.0,16414.0,13083.0,16645.0,16816,17812.0,36294.0,35361.0,25448.0,20719.0,33715.0,27557.0,27548.0,22739.0,43075.0,29506.0,23477.0,34689.0,36534.0,21250.0,19734.0,22401.0,26028.0,37364.0,33433.0,19660.0,25991.0,18863.0,33523.0,31922.0,23011.0,9645.0,14569.0,13598.0,13270.0,22378.0,22501.0,14368.0,11799,14245.0,31661,22866,30079,17536.0,37018.0,15847,15963.0,25354.0,16171,29126.0,13560,10516,24204.0,13226.0,34578.0,6676.0,13765.0,25734.0,26865.0,16458.0,21981.0,15590.0,20548.0,17606.0,35408,17937,18852,17195.0,13244.0,28084.0,11561.0,13099.0,22873.0,35991.0,14409.0,51309.0,34090.0,11217.0,26098.0,25427.0,24213.0,55789.0,21369.0,19288.0,20227.0,30620.0,32612.0,24689.0,21445.0,32814.0,41901.0,34337.0,17031.0,23608.0,14484.0,15879.0,10297.0,15638.0,20152.0,16698.0,7916.0,7759.0,7169.0,11003.0,14432.0,14745.0,56592.0,22779.0,24976.0,9581.0,23772.0,27180.0,15552.0,33358.0,29127.0,21883.0,24486.0,18804.0,21611.0,33148.0,22275.0,29358.0,28835.0,22710.0,20831.0,18157.0,22286.0,25862.0,41595.0,10249.0,37785.0,31478.0,78495.0,44276.0,35682.0,66310.0,31180.0,26186.0,23810.0,21497.0,11837.0,21175.0,7531.0,8858.0,26105.0,23274.0,11992.0,13794.0,30285.0,10567.0
섬광 수류탄,723.0,1020,0,0,0,0,0,0,0,103,5,0,120,0,100,0.0,0.0,0.0,66.0,0.0,0.0,33.0,0.0,0.0,390.0,0.0,900.0,34.0,86.0,0.0,0.0,50.0,169,135.0,1114.0,117.0,0.0,0.0,0.0,0.0,987.0,13,190.0,0.0,0.0,10.0,4.0,0.0,0.0,0.0,0.0,0.0,0,0.0,18.0,45.0,0.0,0.0,0.0,0.0,10.0,0.0,0.0,36.0,0.0,0.0,0.0,0.0,0.0,0.0,0.0,0.0,0.0,0.0,0.0,0.0,0.0,1.0,0.0,0.0,1.0,0.0,0.0,0.0,0.0,0.0,0,154.0,55,510,120,120.0,684.0,0,132.0,372.0,1019,0.0,200,222,0.0,2.0,20.0,60.0,0.0,90.0,270.0,129.0,0.0,0.0,0.0,0.0,180,0,0,0.0,9.0,0.0,120.0,1.0,7.0,0.0,180.0,0.0,0.0,0.0,126.0,1.0,120.0,5.0,0.0,27.0,206.0,0.0,200.0,0.0,0.0,0.0,51.0,0.0,0.0,3270.0,0.0,0.0,90.0,0.0,0.0,0.0,122.0,0.0,0.0,0.0,0.0,0.0,2.0,259.0,0.0,450.0,0.0,100.0,61115.0,450.0,605.0,93.0,0.0,0.0,0.0,300.0,0.0,1.0,300.0,17.0,0.0,0.0,132.0,80.0,0.0,0.0,20.0,0.0,0.0,5.0,72.0,0.0,0.0,0.0,0.0,0.0,0.0,0.0,0.0,180.0,0.0,0.0,543.0,0.0,0.0,0.0
성스러운 부적,36057.0,3268,3310,5133,3590,4193,2612,6836,3946,2301,2473,6497,33577,5440,3110,2972.0,4834.0,4431.0,8638.0,5496.0,2267.0,2328.0,3484.0,3898.0,7484.0,7281.0,3024.0,2165.0,4000.0,14525.0,2453.0,4117.0,3899,6655.0,3244.0,16407.0,2877.0,2060.0,2997.0,3985.0,6896.0,1501,3274.0,7998.0,6076.0,5649.0,2465.0,4729.0,6343.0,836.0,2020.0,1568.0,3135,1848.0,3306.0,7018.0,5930.0,16025.0,7849.0,7553.0,12594.0,9024.0,3487.0,2679.0,2085.0,1673.0,4038.0,3971.0,6494.0,5329.0,6728.0,6425.0,8995.0,3799.0,3488.0,2355.0,2539.0,4145.0,4846.0,3908.0,6090.0,7531.0,8121.0,6706.0,10950.0,23601.0,21303,7257.0,52042,36036,69085,105000.0,76052.0,43539,25151.0,20057.0,15085,27628.0,43525,18744,19441.0,17609.0,24802.0,14540.0,18041.0,33012.0,24389.0,34913.0,11728.0,18738.0,8080.0,15107.0,7542,3227,4877,3199.0,590.0,321.0,2715.0,8123.0,17845.0,5461.0,2569.0,3108.0,2030.0,5413.0,1176.0,2897.0,6673.0,2283.0,959.0,2543.0,5652.0,1539.0,4623.0,1566.0,4737.0,1564.0,3700.0,1630.0,3292.0,3793.0,3761.0,2248.0,6207.0,3478.0,2010.0,4466.0,2542.0,3460.0,8515.0,4169.0,2142.0,1842.0,3990.0,3718.0,1516.0,10639.0,9617.0,4791.0,2926.0,2597.0,4528.0,7950.0,12991.0,4573.0,2548.0,1975.0,2459.0,2616.0,2800.0,1420.0,2402.0,2741.0,4819.0,1159.0,4022.0,2089.0,8780.0,4880.0,2777.0,6105.0,1719.0,1434.0,1142.0,2574.0,1064.0,4806.0,255.0,3331.0,1653.0,1912.0,4015.0,2691.0,1119.0,5912.0,9494.0,1176.0
성스러운 폭탄,63755.0,47360,34704,19191,32299,11262,22340,19963,9404,12426,9586,10392,13865,20880,14770,10002.0,9170.0,8225.0,15293.0,18774.0,12270.0,18852.0,12874.0,12065.0,11461.0,12299.0,9591.0,17810.0,11116.0,8238.0,6799.0,16213.0,17593,15241.0,18291.0,7651.0,6730.0,5417.0,12775.0,25053.0,13699.0,18025,19045.0,12513.0,11183.0,10219.0,18350.0,14087.0,19937.0,14951.0,10580.0,10091.0,10794,18918.0,17115.0,16743.0,7402.0,18886.0,7206.0,9106.0,13915.0,6083.0,19967.0,15856.0,12432.0,7509.0,18163.0,27373.0,26799.0,26554.0,18743.0,10445.0,16348.0,24426.0,23807.0,28388.0,27032.0,28084.0,27699.0,17633.0,24494.0,19969.0,22061.0,20653.0,22724.0,28553.0,23251,54945.0,59389,59673,94537,99307.0,75893.0,31682,33609.0,40967.0,42899,35467.0,22689,30998,26912.0,28304.0,29115.0,35247.0,27967.0,25687.0,10728.0,23184.0,18437.0,14530.0,21786.0,9824.0,8695,10468,5539,28217.0,23132.0,14898.0,30228.0,28052.0,17028.0,5042.0,4539.0,15549.0,26651.0,4350.0,12633.0,17183.0,14519.0,16652.0,15865.0,19322.0,9504.0,12291.0,12371.0,9186.0,9950.0,10136.0,12477.0,15834.0,10019.0,14325.0,9697.0,11816.0,20000.0,17968.0,20610.0,8559.0,13111.0,10292.0,10707.0,16438.0,13680.0,9877.0,18773.0,13209.0,9809.0,18581.0,8012.0,12883.0,8997.0,8573.0,18145.0,14445.0,35777.0,9280.0,8868.0,4130.0,4034.0,1851.0,4388.0,18838.0,3673.0,712.0,3731.0,3669.0,7852.0,4559.0,2122.0,1680.0,2847.0,1442.0,4240.0,3960.0,4099.0,2131.0,6244.0,1289.0,3857.0,1477.0,4336.0,3564.0,3334.0,2818.0,2759.0,4818.0,2913.0,1530.0
수렵의 결정,258.0,206,9,42,29,0,100,0,308,12,0,393,48,447,93,0.0,0.0,0.0,39.0,0.0,2.0,97.0,271.0,150.0,569.0,88.0,0.0,0.0,105.0,243.0,481.0,0.0,0,6.0,362.0,455.0,135.0,345.0,40.0,74.0,0.0,0,0.0,0.0,7.0,0.0,20.0,0.0,90.0,309.0,143.0,0.0,0,0.0,1.0,0.0,0.0,66.0,0.0,17.0,283.0,0.0,0.0,0.0,0.0,0.0,0.0,0.0,0.0,0.0,0.0,0.0,122.0,139.0,0.0,66.0,0.0,0.0,73.0,14.0,0.0,70.0,100.0,0.0,0.0,0.0,1,5.0,164,6,0,0.0,0.0,0,305.0,123.0,0,1.0,1,0,0.0,0.0,0.0,3.0,62.0,224.0,55.0,0.0,432.0,4.0,9.0,0.0,71,32,103,2.0,38.0,0.0,0.0,55.0,28.0,138.0,194.0,0.0,0.0,121.0,238.0,111.0,0.0,1.0,200.0,18.0,0.0,345.0,0.0,98.0,20.0,9.0,38.0,0.0,169.0,218.0,66.0,0.0,0.0,0.0,10.0,11.0,59.0,0.0,330.0,8.0,11.0,26.0,10.0,7810.0,7.0,100.0,100.0,662.0,30.0,14.0,212.0,1015.0,50.0,148.0,0.0,59.0,0.0,505.0,77.0,321.0,3.0,2.0,3.0,2.0,0.0,0.0,113.0,475.0,462.0,1.0,870.0,30.0,206.0,42.0,350.0,112.0,291.0,34.0,103.0,109.0,564.0,185.0,43.0,0.0,31.0,267.0
수면 폭탄,1.0,75,20,227,2,0,0,162,188,1,29,0,0,1,3,125.0,383.0,15.0,10.0,43.0,0.0,93.0,0.0,0.0,15.0,0.0,0.0,230.0,100.0,0.0,0.0,0.0,173,0.0,100.0,0.0,30.0,94.0,0.0,0.0,951.0,191,1.0,100.0,0.0,4.0,0.0,56.0,0.0,0.0,30.0,1.0,115,0.0,1.0,39.0,0.0,51.0,0.0,0.0,20.0,0.0,0.0,105.0,0.0,0.0,0.0,0.0,0.0,0.0,2493.0,0.0,0.0,0.0,0.0,1.0,15.0,0.0,154.0,0.0,0.0,0.0,0.0,101.0,0.0,12.0,0,10.0,202,0,0,1188.0,0.0,0,0.0,10.0,0,15.0,0,0,0.0,192.0,0.0,0.0,10.0,0.0,0.0,0.0,15.0,22.0,0.0,2.0,16,765,0,0.0,0.0,0.0,0.0,67.0,0.0,0.0,0.0,0.0,0.0,0.0,44.0,126.0,1.0,0.0,0.0,0.0,0.0,0.0,706.0,0.0,0.0,0.0,1.0,519.0,33.0,1235.0,8.0,0.0,3.0,0.0,0.0,0.0,0.0,0.0,19.0,0.0,0.0,0.0,0.0,509.0,165.0,20.0,0.0,0.0,0.0,67.0,0.0,0.0,0.0,33.0,0.0,198.0,1.0,1.0,250.0,0.0,204.0,243.0,39.0,4.0,88.0,0.0,0.0,0.0,67.0,22.0,5.0,0.0,0.0,0.0,0.0,19.0,0.0,19.0,115.0,223.0,30.0,0.0,60.0,0.0,0.0,41.0
수줍은 들꽃,15151.0,10456,10630,11645,12605,9862,13723,12605,14071,9702,8653,16250,11007,11982,15889,12801.0,13354.0,11730.0,17018.0,15812.0,21202.0,24623.0,17569.0,18187.0,13419.0,16642.0,18332.0,22424.0,25045.0,16055.0,17938.0,16317.0,18333,19597.0,16266.0,19948.0,16139.0,16109.0,11769.0,16745.0,14990.0,15973,17404.0,15153.0,14793.0,9287.0,13462.0,13583.0,15000.0,16057.0,12048.0,13457.0,9051,11065.0,11000.0,15400.0,17408.0,13342.0,13271.0,10627.0,11520.0,11781.0,14129.0,14397.0,11061.0,9918.0,8329.0,10756.0,9600.0,13829.0,12024.0,11711.0,18586.0,9249.0,10033.0,10470.0,9991.0,9810.0,8498.0,9066.0,7819.0,10365.0,10100.0,9809.0,9236.0,12452.0,10700,8418.0,9071,9041,10257,9897.0,12049.0,8091,8102.0,7090.0,10087,10611.0,13168,14686,9991.0,9222.0,10426.0,11541.0,9574.0,13502.0,10289.0,10803.0,7875.0,8636.0,9198.0,8729.0,9039,8535,9555,8508.0,10392.0,10175.0,12165.0,13089.0,14547.0,10994.0,7367.0,8520.0,8943.0,9388.0,12679.0,8491.0,12729.0,8412.0,9144.0,11218.0,10506.0,10064.0,13333.0,10629.0,7590.0,7356.0,8759.0,10507.0,10782.0,11597.0,7893.0,9154.0,9535.0,6740.0,9085.0,10387.0,10110.0,8625.0,7503.0,10574.0,6327.0,9973.0,14991.0,9691.0,9193.0,9635.0,7599.0,8932.0,8879.0,9164.0,10787.0,10666.0,9200.0,9887.0,11303.0,9889.0,13384.0,12689.0,11865.0,9668.0,7776.0,8486.0,9453.0,10566.0,13203.0,9874.0,5549.0,7684.0,9163.0,8325.0,10961.0,8750.0,10410.0,6632.0,10400.0,6880.0,9454.0,9096.0,7087.0,7729.0,7371.0,7925.0,10106.0,8367.0,13535.0,3733.0
숙련가용 제작 키트,10.0,10,5,2,8994,5,3,11,24,6,0,2002,15,46,9997,34.0,14.0,7.0,0.0,3.0,0.0,33.0,7.0,17.0,7.0,5.0,15.0,13.0,12.0,8.0,2.0,3.0,2,2.0,6.0,13108.0,2.0,6.0,52.0,31.0,2.0,5,1003.0,5.0,24.0,2.0,9.0,10.0,12.0,14.0,9991.0,27.0,8,12.0,3.0,30.0,33519.0,19.0,37179.0,20.0,25.0,20.0,1039.0,35.0,5.0,12.0,2.0,40.0,9.0,49.0,67.0,6.0,4.0,16.0,87.0,9.0,6.0,16995.0,10.0,1.0,7.0,4.0,15.0,66.0,92.0,4.0,8,1.0,2,9,37,11.0,0.0,0,5.0,5.0,0,6107.0,6,8,9.0,6.0,7.0,21.0,8.0,19.0,12.0,14.0,33.0,22992.0,16.0,4.0,19980,4,3,0.0,11.0,9.0,1.0,13.0,30.0,26.0,27.0,1.0,10.0,28.0,6019.0,14.0,48.0,2.0,14.0,6008.0,12.0,11.0,63.0,29.0,35.0,31.0,40.0,16.0,28.0,18.0,5.0,1.0,1999.0,2.0,9.0,11.0,25.0,8.0,12.0,11.0,7.0,10.0,2.0,2.0,12.0,0.0,10066.0,15.0,42.0,12.0,445.0,18.0,14.0,128.0,12.0,7.0,7.0,10.0,16.0,58.0,100.0,21.0,7.0,2.0,22.0,14.0,4.0,1.0,2.0,150.0,8.0,10.0,2.0,13.0,1.0,457.0,5150.0,6.0,2641.0,115.0,2145.0,36.0,16.0,3000.0,12.0,1.0
시간 정지 물약,569.0,282,114,306,0,0,516,188,368,360,327,217,161,486,1184,21.0,0.0,0.0,22.0,454.0,183.0,412.0,82.0,278.0,0.0,24.0,1189.0,1235.0,100.0,168.0,54.0,333.0,0,0.0,89.0,298.0,122.0,317.0,0.0,327.0,0.0,953,97.0,1443.0,13.0,35.0,69.0,245.0,246.0,123.0,241.0,238.0,324,897.0,1.0,771.0,0.0,999.0,36.0,0.0,29.0,377.0,178.0,84.0,40.0,147.0,1.0,0.0,0.0,1468.0,372.0,0.0,864.0,0.0,72.0,251.0,113.0,574.0,0.0,688.0,126.0,235.0,119.0,208.0,68.0,0.0,1171,22.0,150,400,330,1405.0,375.0,419,32.0,312.0,120,300.0,882,0,18.0,220.0,3256.0,0.0,224.0,116.0,5.0,238.0,54.0,435.0,50.0,1100.0,1061,67,50,6.0,120.0,141.0,27.0,1.0,0.0,24.0,0.0,391.0,391.0,283.0,273.0,296.0,607.0,50.0,200.0,262.0,179.0,37.0,0.0,37.0,50.0,50.0,161.0,64.0,175.0,1293.0,20.0,297.0,25.0,56.0,307.0,300.0,0.0,22.0,110.0,38.0,12.0,161.0,492.0,664.0,237.0,75.0,0.0,0.0,200.0,0.0,586.0,85.0,30.0,201.0,892.0,55.0,1.0,760.0,45.0,136.0,1.0,138.0,739.0,502.0,154.0,1.0,50.0,113.0,0.0,514.0,137.0,66.0,479.0,3.0,0.0,182.0,106.0,183.0,111.0,629.0,0.0,0.0,0.0,390.0,772.0,0.0
신속 로브,10.0,1,5,111,0,0,0,10,0,0,0,0,300,100,100,30.0,0.0,3.0,0.0,55.0,20.0,0.0,0.0,0.0,10.0,0.0,247.0,0.0,0.0,0.0,55.0,0.0,115,3.0,0.0,298.0,0.0,0.0,100.0,0.0,205.0,10,0.0,0.0,63.0,0.0,0.0,44.0,402.0,0.0,0.0,0.0,11,5.0,32.0,181.0,35.0,23.0,0.0,0.0,21.0,0.0,0.0,0.0,22.0,0.0,130.0,130.0,0.0,11.0,333.0,40.0,3.0,4.0,500.0,0.0,0.0,6.0,100.0,0.0,0.0,0.0,18.0,0.0,0.0,0.0,30,0.0,200,0,0,0.0,100.0,103,0.0,280.0,0,0.0,0,0,0.0,0.0,6.0,10.0,35.0,900.0,0.0,0.0,0.0,0.0,15.0,34.0,50,100,100,11.0,0.0,100.0,100.0,95.0,7.0,0.0,0.0,55.0,0.0,1.0,100.0,1.0,27.0,0.0,0.0,0.0,0.0,100.0,0.0,100.0,4.0,0.0,101.0,0.0,0.0,200.0,0.0,100.0,0.0,0.0,100.0,100.0,0.0,100.0,50.0,92.0,150.0,0.0,0.0,0.0,0.0,0.0,0.0,122.0,0.0,17.0,161.0,0.0,3.0,50.0,0.0,20.0,27.0,1.0,0.0,0.0,10.0,0.0,22.0,49.0,212.0,0.0,0.0,30.0,0.0,20.0,15.0,0.0,0.0,200.0,0.0,0.0,0.0,0.0,2.0,0.0,66.0,4.0,10.0,245.0,110.0,0.0
아드로핀 물약,94084.0,63236,52874,166039,164978,128153,135359,111433,74128,51517,195969,165079,143984,173470,113747,59070.0,63228.0,156637.0,156363.0,144160.0,160010.0,145279.0,79757.0,56383.0,298068.0,213829.0,215684.0,228953.0,214736.0,89412.0,73652.0,246371.0,222776,203533.0,210978.0,175992.0,92176.0,69084.0,246440.0,176836.0,151817.0,175584,134288.0,68885.0,87579.0,202822.0,154608.0,123305.0,134954.0,121510.0,63079.0,49030.0,170407,130447.0,183641.0,170892.0,102599.0,68982.0,72633.0,198224.0,182542.0,169517.0,173128.0,177485.0,90502.0,97992.0,102726.0,112601.0,149345.0,83687.0,68302.0,44404.0,126423.0,123019.0,86972.0,85615.0,104081.0,101125.0,51523.0,40510.0,209814.0,140545.0,117808.0,141659.0,126969.0,77180.0,61956,169672.0,150115,119000,131635,115319.0,98165.0,60784,152187.0,146079.0,116672,136413.0,114618,52236,42413.0,210706.0,124360.0,100848.0,135981.0,102601.0,58503.0,51651.0,176697.0,162182.0,129576.0,124972.0,123697,64997,66575,174753.0,129661.0,113102.0,107179.0,77866.0,48942.0,57066.0,76526.0,206746.0,87177.0,78510.0,70869.0,119828.0,154685.0,64688.0,56061.0,50629.0,60335.0,45519.0,33398.0,24225.0,58481.0,63139.0,47484.0,62765.0,70581.0,56662.0,33536.0,85402.0,88894.0,124357.0,97401.0,174875.0,49810.0,21459.0,102776.0,117293.0,74883.0,98736.0,79789.0,53022.0,40518.0,106762.0,82024.0,91171.0,79528.0,84852.0,67612.0,82444.0,213225.0,171233.0,209612.0,269405.0,218050.0,98932.0,105063.0,141169.0,128643.0,124805.0,134564.0,110715.0,90361.0,50851.0,122579.0,122894.0,104283.0,149025.0,128906.0,54201.0,51651.0,126136.0,130714.0,117290.0,154970.0,148248.0,71281.0,43023.0,163046.0,153791.0,142466.0,151986.0,131626.0,12931.0
아비도스 두툼한 생고기,3106.0,2787,2182,3219,2012,2016,2419,2389,2185,1607,2569,2485,2671,2711,2754,3277.0,2340.0,2620.0,2895.0,3514.0,3423.0,3577.0,3042.0,3397.0,3697.0,3210.0,3625.0,3169.0,4529.0,3220.0,3198.0,2926.0,2320,2763.0,2259.0,2816.0,2101.0,1579.0,3850.0,2657.0,2842.0,3152,4156.0,1517.0,1856.0,3133.0,3212.0,3008.0,2460.0,2588.0,2074.0,1944.0,4236,2403.0,2841.0,3357.0,3416.0,1971.0,3144.0,4778.0,3713.0,4543.0,5005.0,5312.0,2343.0,2395.0,3488.0,2460.0,3352.0,2687.0,3547.0,2292.0,5833.0,2416.0,3392.0,2174.0,2615.0,3590.0,1938.0,1609.0,2700.0,2341.0,2425.0,2551.0,2952.0,2065.0,1820,3275.0,5955,3622,5086,4601.0,6582.0,2711,3873.0,3526.0,3215,3832.0,3396,3413,2766.0,3506.0,2165.0,2176.0,3610.0,3640.0,2955.0,2030.0,2803.0,1929.0,2144.0,2653.0,2351,2586,1575,2617.0,2396.0,1060.0,1663.0,1650.0,2108.0,1302.0,3066.0,2870.0,1986.0,2033.0,2485.0,2462.0,1893.0,2265.0,2107.0,3042.0,3639.0,3923.0,2994.0,1753.0,1874.0,4429.0,3553.0,3508.0,3879.0,2601.0,2235.0,2196.0,2414.0,2874.0,3334.0,2725.0,2506.0,2489.0,2923.0,3092.0,1954.0,3586.0,6842.0,3142.0,2589.0,6088.0,1928.0,3619.0,3359.0,4520.0,2107.0,3742.0,3673.0,3738.0,3593.0,5219.0,4889.0,7600.0,3210.0,2771.0,2790.0,4108.0,3205.0,3870.0,2494.0,2885.0,2126.0,2550.0,3813.0,3703.0,3573.0,2873.0,4756.0,3959.0,2032.0,2993.0,5703.0,2263.0,2870.0,2525.0,3235.0,2495.0,2003.0,2436.0,1895.0,1146.0
아비도스 들꽃,2141.0,1865,2147,2493,2329,1237,2074,2750,3436,1801,1872,1934,2687,2624,3204,2769.0,4433.0,2245.0,3278.0,3926.0,4464.0,6132.0,3619.0,2976.0,2581.0,2823.0,2831.0,3884.0,4434.0,3156.0,3470.0,2432.0,2752,3202.0,3078.0,3844.0,3504.0,2666.0,1844.0,2274.0,2797.0,3275,4501.0,4214.0,3594.0,3727.0,3243.0,2961.0,4267.0,4055.0,3320.0,2813.0,3621,1981.0,2369.0,3835.0,3625.0,3000.0,3832.0,2834.0,2809.0,2780.0,3886.0,3497.0,2029.0,2367.0,2090.0,2339.0,2354.0,3605.0,3511.0,3763.0,6998.0,1019.0,2278.0,2053.0,3433.0,2539.0,2016.0,2264.0,1730.0,2237.0,1992.0,5400.0,4274.0,1868.0,2091,2376.0,3090,2311,2159,3839.0,3883.0,2267,4206.0,2525.0,2674,2269.0,2203,4841,3260.0,2033.0,3354.0,2065.0,3163.0,2398.0,2865.0,1611.0,3373.0,1650.0,1775.0,2050.0,1554,1677,2196,1233.0,2335.0,3754.0,2592.0,2495.0,2870.0,2338.0,2586.0,4290.0,1211.0,3406.0,2658.0,2289.0,2469.0,2146.0,2327.0,1569.0,3773.0,3052.0,2798.0,2816.0,2062.0,2163.0,2696.0,1875.0,4352.0,1251.0,1787.0,1636.0,2156.0,1905.0,2549.0,2232.0,2178.0,2127.0,1486.0,1558.0,1532.0,2658.0,4834.0,2203.0,1944.0,2125.0,2662.0,1468.0,2814.0,4378.0,962.0,2060.0,2591.0,2021.0,1959.0,2302.0,3027.0,2892.0,3410.0,1349.0,2419.0,4577.0,1909.0,2726.0,3093.0,2373.0,1237.0,1792.0,2610.0,2133.0,1788.0,1774.0,3788.0,1128.0,1966.0,2301.0,2441.0,1671.0,1757.0,2364.0,2222.0,1516.0,1683.0,1564.0,2283.0,1108.0
아비도스 목재,103099.0,79911,83080,67829,72510,74071,88764,95200,104522,79719,62968,73481,81235,87951,96702,97507.0,91516.0,64325.0,72668.0,78160.0,85129.0,93028.0,79755.0,79434.0,62283.0,61229.0,61303.0,69058.0,80093.0,66719.0,71631.0,51401.0,56865,62364.0,67448.0,76304.0,64805.0,68347.0,50373.0,56305.0,59317.0,68904,81921.0,67468.0,74450.0,58493.0,68729.0,71578.0,82845.0,91351.0,73340.0,76298.0,60016,58691.0,72088.0,91053.0,100939.0,72760.0,82788.0,62929.0,65259.0,66794.0,76875.0,81639.0,72752.0,81521.0,60187.0,57205.0,68141.0,73380.0,93803.0,92906.0,108617.0,60026.0,59739.0,52247.0,63002.0,71415.0,58334.0,64964.0,51606.0,53883.0,54765.0,61580.0,72087.0,52619.0,64259,42855.0,47436,50012,49273,53514.0,56836.0,49745,40486.0,43338.0,44585,50250.0,64668,53591,62905.0,52694.0,52493.0,49568.0,59776.0,65717.0,52851.0,49644.0,42759.0,41474.0,37599.0,46971.0,50729,45159,50523,37080.0,40454.0,39624.0,68626.0,68775.0,62216.0,69999.0,71852.0,86462.0,82167.0,79220.0,92904.0,78185.0,90615.0,71182.0,82757.0,82297.0,97908.0,109215.0,93165.0,90874.0,96543.0,89490.0,78861.0,92686.0,104293.0,78189.0,80773.0,65667.0,66818.0,82183.0,86309.0,98042.0,75551.0,79098.0,61159.0,64194.0,71982.0,85315.0,99231.0,82038.0,77196.0,72621.0,69435.0,73496.0,88722.0,94523.0,81883.0,97165.0,75212.0,65790.0,63188.0,77930.0,85016.0,70243.0,91826.0,70410.0,79711.0,80872.0,91284.0,98915.0,104298.0,92935.0,67934.0,79010.0,73226.0,87166.0,97447.0,85424.0,89331.0,66322.0,74062.0,70824.0,85913.0,92744.0,75507.0,81191.0,65736.0,70878.0,72488.0,89730.0,103217.0,20936.0
아비도스 유물,16754.0,15264,13887,13333,16660,13904,15149,16217,23696,18448,13074,16548,16635,19174,19628,18462.0,19529.0,15271.0,13934.0,15050.0,16778.0,18068.0,15575.0,17809.0,15491.0,16210.0,15313.0,14938.0,16611.0,15889.0,14521.0,12408.0,14458,13230.0,13301.0,14972.0,12766.0,15937.0,12006.0,14819.0,11395.0,13880,16214.0,12985.0,14519.0,11814.0,15963.0,15670.0,17423.0,16551.0,15854.0,14898.0,14090,12828.0,17358.0,18266.0,15408.0,15850.0,17722.0,14375.0,14877.0,15546.0,16915.0,17726.0,15161.0,13004.0,11798.0,10805.0,14669.0,12702.0,15672.0,11971.0,19474.0,10699.0,14402.0,13746.0,14235.0,12624.0,11985.0,13506.0,12716.0,11496.0,13054.0,12657.0,15575.0,13696.0,12317,13540.0,10342,10431,12167,12582.0,12035.0,10717,11618.0,11047.0,11423,11836.0,14735,12012,11605.0,11498.0,14743.0,7837.0,9882.0,12944.0,10888.0,10112.0,9482.0,9171.0,8726.0,8734.0,12035,10681,9683,8941.0,10562.0,9171.0,13981.0,13403.0,12551.0,10793.0,13420.0,22655.0,15528.0,17494.0,16634.0,12650.0,14336.0,12850.0,16718.0,13654.0,14165.0,17892.0,14119.0,14128.0,12131.0,13580.0,15567.0,14484.0,15220.0,12330.0,14549.0,9973.0,13380.0,15802.0,13092.0,13940.0,11321.0,12769.0,13695.0,14717.0,15489.0,14370.0,18297.0,13965.0,12056.0,11900.0,13302.0,11912.0,13896.0,15578.0,12416.0,14465.0,10638.0,12359.0,14108.0,15624.0,21006.0,13498.0,16587.0,13733.0,14652.0,13706.0,14934.0,16359.0,14754.0,15496.0,16299.0,13791.0,13327.0,14500.0,15072.0,13881.0,14703.0,12580.0,13369.0,12691.0,13401.0,17219.0,14043.0,12721.0,11069.0,14347.0,13338.0,13589.0,16380.0,4000.0
아비도스 융화 재료,7388784.0,4596493,4276725,9399783,9363803,7751262,8814515,8285434,7209575,4372597,7954509,7899237,7750831,9091203,8302227,5729385.0,4855993.0,6600539.0,7233212.0,6419116.0,7732516.0,7449768.0,4605065.0,3812379.0,5819381.0,5278335.0,4855956.0,5878156.0,5462074.0,3435936.0,3119586.0,5549362.0,5848782,5113892.0,5954564.0,5629053.0,3666459.0,3306223.0,5351669.0,5062952.0,4440134.0,5269909,4952391.0,3293205.0,2757940.0,5032297.0,5194535.0,4801854.0,5261644.0,4961593.0,3124112.0,2801975.0,5351087,5246222.0,5248719.0,6109960.0,5934226.0,3699321.0,2895448.0,5479207.0,4708174.0,4370738.0,4555134.0,4235380.0,2986634.0,2571927.0,4481731.0,4169952.0,4953933.0,3948452.0,3681112.0,2939898.0,3156718.0,3976817.0,4121463.0,3857156.0,4657166.0,4449159.0,2703403.0,2270202.0,4683736.0,4110679.0,3873740.0,4243836.0,4054877.0,2664364.0,2225064,3263976.0,3203070,2852077,3298176,3215394.0,2874279.0,2050736,3656088.0,3333625.0,2902361,3272686.0,5580452,3210518,2655012.0,4102239.0,2622536.0,2138565.0,2533599.0,2257694.0,1537498.0,1379489.0,1865279.0,1542473.0,1303547.0,1520807.0,1453709,861780,963465,1461208.0,1082686.0,951225.0,1576169.0,1524144.0,962511.0,1315622.0,17394641.0,14826755.0,8461069.0,7912991.0,6680094.0,4601089.0,3797945.0,6230444.0,5147311.0,4138405.0,4588875.0,4384506.0,2818082.0,3304796.0,17824753.0,12348656.0,9708035.0,10832703.0,9559229.0,5645069.0,4785559.0,6842971.0,6215583.0,6970894.0,5743807.0,5426157.0,3692777.0,3207958.0,5126958.0,4630247.0,4253921.0,5169597.0,4688410.0,2894128.0,2420514.0,4090880.0,3788602.0,3354109.0,3968385.0,3551909.0,2265726.0,1947203.0,3472979.0,3320083.0,3029736.0,3250368.0,3431902.0,2578030.0,2366439.0,3411698.0,2930935.0,2951954.0,3399185.0,3222335.0,2807477.0,1913253.0,2955568.0,2700403.0,2462937.0,3028215.0,2996821.0,2072056.0,2092303.0,3502307.0,2963518.0,2821674.0,3257530.0,3230634.0,2105979.0,2078184.0,3225713.0,3214633.0,2779929.0,3366284.0,3285969.0,458090.0
아비도스 철광석,2779.0,1330,1687,1494,1945,1624,1745,2328,1692,1738,1535,1622,1952,2221,2286,2172.0,3504.0,1610.0,2478.0,2195.0,3043.0,3107.0,2411.0,2897.0,1589.0,1668.0,2755.0,2774.0,2481.0,2667.0,2886.0,1863.0,2142,1711.0,2362.0,3574.0,2150.0,2169.0,1601.0,1994.0,1256.0,1712,3067.0,2073.0,2042.0,1698.0,1736.0,1807.0,2219.0,2145.0,2064.0,1657.0,2272,1064.0,2107.0,2567.0,2459.0,1606.0,1430.0,1735.0,1771.0,1930.0,2261.0,2130.0,1419.0,2099.0,1415.0,1316.0,1230.0,1243.0,1719.0,1485.0,5072.0,381.0,2052.0,695.0,1630.0,1933.0,1260.0,1625.0,1411.0,1875.0,1802.0,1463.0,2664.0,1106.0,844,1339.0,1066,1713,1424,2253.0,3186.0,2386,3377.0,2008.0,1753,2433.0,2018,2765,2171.0,2553.0,2064.0,1996.0,1526.0,1958.0,2921.0,863.0,1343.0,1327.0,1401.0,2936.0,1320,1582,1766,1134.0,1745.0,230.0,968.0,1612.0,2652.0,718.0,1938.0,3238.0,1268.0,1801.0,2514.0,1548.0,2046.0,2474.0,902.0,1761.0,2801.0,2217.0,3232.0,1405.0,1415.0,2635.0,2721.0,2092.0,2491.0,935.0,1850.0,1658.0,1979.0,1953.0,1610.0,1893.0,1238.0,2203.0,1656.0,2305.0,1276.0,2382.0,3128.0,2404.0,1292.0,2247.0,5945.0,1987.0,2661.0,3850.0,921.0,2035.0,1491.0,1898.0,1592.0,1746.0,3601.0,2497.0,2620.0,1192.0,2047.0,4345.0,2788.0,1595.0,1365.0,2247.0,1150.0,1985.0,2132.0,1797.0,1540.0,2084.0,3378.0,1026.0,1197.0,1993.0,2104.0,2475.0,1966.0,1459.0,3138.0,2048.0,585.0,2347.0,2355.0,1052.0
아비도스 태양 잉어,3429.0,3261,2444,3704,2529,2123,2381,2755,1835,1650,3540,2799,3218,2712,2977,1988.0,3159.0,2944.0,3333.0,3328.0,3428.0,3715.0,2760.0,3761.0,4590.0,3438.0,2943.0,3210.0,4550.0,3328.0,2921.0,3222.0,2562,2549.0,2328.0,2741.0,1664.0,1814.0,4108.0,2969.0,2848.0,3265,4800.0,1921.0,2064.0,3441.0,3509.0,3067.0,2923.0,2704.0,1520.0,1777.0,3773,2562.0,2913.0,3533.0,3466.0,1560.0,2898.0,4623.0,3961.0,4631.0,8621.0,5441.0,2497.0,2400.0,2896.0,2799.0,3689.0,2998.0,3363.0,2450.0,5555.0,2931.0,4338.0,2382.0,2476.0,3268.0,1839.0,1556.0,3081.0,3429.0,2201.0,2500.0,4722.0,1200.0,1670,3684.0,3982,4775,5247,5013.0,5508.0,2999,4054.0,3707.0,3951,4393.0,3888,3800,2675.0,3599.0,2392.0,2297.0,3150.0,3497.0,2838.0,2250.0,2713.0,1908.0,2211.0,2580.0,2390,1857,1227,2021.0,3214.0,1202.0,2435.0,2445.0,2374.0,1285.0,2962.0,3411.0,1610.0,1580.0,2292.0,2645.0,1990.0,2836.0,2361.0,2743.0,4485.0,2953.0,3831.0,2209.0,1702.0,7641.0,4560.0,3362.0,7188.0,2108.0,2681.0,2468.0,2316.0,3109.0,2484.0,2848.0,1675.0,1455.0,2086.0,3290.0,2574.0,3167.0,6576.0,2929.0,3026.0,4241.0,2683.0,3986.0,3331.0,4705.0,2063.0,3221.0,4060.0,4242.0,3957.0,5631.0,5767.0,8402.0,3565.0,3326.0,5495.0,4009.0,3849.0,4073.0,2593.0,3488.0,3436.0,2437.0,3947.0,4349.0,3616.0,3097.0,5256.0,3368.0,2998.0,4049.0,3114.0,2549.0,1840.0,2443.0,3485.0,2459.0,2148.0,2266.0,2352.0,1136.0
암흑 수류탄,58940.0,65102,54967,106095,84702,73962,96219,72411,67086,58622,108524,101652,116870,69693,71233,56620.0,40824.0,100600.0,108251.0,84421.0,89972.0,80518.0,67532.0,54139.0,110362.0,123162.0,109142.0,136033.0,145260.0,65305.0,67079.0,132883.0,124816,96880.0,118296.0,108761.0,57739.0,49468.0,168691.0,108122.0,93949.0,107774,86471.0,65791.0,67129.0,124824.0,123112.0,89288.0,104215.0,93894.0,51702.0,96542.0,103407,74236.0,82685.0,155289.0,83714.0,85981.0,90045.0,121841.0,117118.0,151214.0,141604.0,227953.0,100089.0,70991.0,108495.0,77847.0,114079.0,132608.0,96823.0,88723.0,68800.0,62515.0,56000.0,67127.0,107460.0,90045.0,68785.0,82013.0,87519.0,129504.0,92991.0,122792.0,88193.0,77964.0,111498,102545.0,97498,94178,96891,138064.0,167552.0,135340,133223.0,115214.0,111461,165851.0,116317,92927,87759.0,219958.0,123942.0,75433.0,76746.0,83603.0,63632.0,99245.0,155544.0,112114.0,106597.0,88953.0,76275,37099,52767,114115.0,88345.0,69654.0,57204.0,93774.0,48868.0,44558.0,39304.0,74567.0,49011.0,95535.0,78224.0,17514.0,14899.0,40479.0,34077.0,30041.0,43511.0,31491.0,19263.0,16364.0,22229.0,30645.0,25973.0,38776.0,45923.0,64789.0,86027.0,52792.0,122218.0,54906.0,65900.0,182113.0,79144.0,46986.0,54032.0,56473.0,54734.0,75262.0,54434.0,35220.0,105317.0,113549.0,170730.0,412846.0,68620.0,78587.0,55058.0,174997.0,96596.0,98188.0,95806.0,98631.0,79527.0,43257.0,34598.0,72876.0,69983.0,75803.0,73013.0,69214.0,47096.0,33055.0,86048.0,96171.0,94759.0,108259.0,110328.0,81068.0,67963.0,116646.0,134133.0,153027.0,112123.0,101548.0,69876.0,45641.0,67035.0,68918.0,80842.0,82054.0,74697.0,8819.0
야금술 : 업화 [11-14],2486.0,1467,1305,1770,1869,1927,1949,2416,2279,1737,1789,1627,1813,2241,2453,1720.0,1606.0,1209.0,1162.0,1596.0,1710.0,2236.0,1439.0,1090.0,1370.0,1458.0,1503.0,1601.0,1611.0,1606.0,1250.0,1292.0,1094,1521.0,1755.0,1679.0,1190.0,1384.0,1094.0,975.0,1029.0,1225,1479.0,992.0,1043.0,909.0,893.0,719.0,1225.0,1535.0,994.0,756.0,905,664.0,804.0,1099.0,971.0,900.0,933.0,999.0,686.0,748.0,891.0,1111.0,511.0,711.0,690.0,402.0,793.0,705.0,750.0,942.0,770.0,538.0,474.0,531.0,688.0,909.0,473.0,721.0,723.0,301.0,607.0,679.0,518.0,366.0,559,417.0,423,488,355,549.0,462.0,394,346.0,517.0,276,334.0,485,315,457.0,358.0,306.0,297.0,378.0,552.0,408.0,132.0,338.0,336.0,304.0,393.0,345,292,347,237.0,141.0,162.0,456.0,782.0,324.0,362.0,2507.0,1591.0,1592.0,1521.0,1640.0,752.0,661.0,771.0,561.0,566.0,717.0,627.0,653.0,537.0,1396.0,977.0,1222.0,1254.0,1204.0,748.0,714.0,443.0,544.0,723.0,814.0,790.0,526.0,272.0,428.0,367.0,430.0,381.0,589.0,285.0,567.0,382.0,375.0,362.0,558.0,594.0,410.0,290.0,340.0,357.0,352.0,383.0,596.0,487.0,592.0,358.0,324.0,286.0,560.0,345.0,472.0,477.0,250.0,195.0,163.0,705.0,544.0,235.0,259.0,249.0,208.0,467.0,650.0,734.0,381.0,225.0,158.0,388.0,213.0,364.0,320.0,56.0
야금술 : 업화 [15-18],8793.0,6054,4917,9721,10432,9340,10620,11212,9071,6417,9160,10721,9589,12319,11289,8187.0,6716.0,9488.0,9778.0,9426.0,11051.0,11418.0,7483.0,5848.0,9708.0,11217.0,10457.0,13125.0,13262.0,9179.0,8192.0,10544.0,11183,10947.0,14840.0,14178.0,8894.0,8340.0,11327.0,11297.0,10392.0,13213,14872.0,7757.0,6769.0,8861.0,10896.0,11479.0,12013.0,11863.0,7689.0,6825.0,9333,9103.0,9661.0,12076.0,12364.0,7240.0,6478.0,9938.0,11477.0,8827.0,12053.0,12577.0,7258.0,7098.0,8754.0,9247.0,11185.0,10026.0,11716.0,7691.0,9517.0,8903.0,8885.0,8805.0,11565.0,10645.0,7234.0,6697.0,8533.0,9349.0,7940.0,8815.0,9656.0,5558.0,5260,7657.0,6750,6332,8551,6605.0,7398.0,6105,7145.0,7422.0,6396,8244.0,10534,6406,5630.0,8446.0,7995.0,5872.0,7260.0,7097.0,4688.0,4533.0,6718.0,5246.0,5613.0,7634.0,6745,5013,3859,5741.0,5542.0,5923.0,9282.0,9009.0,5856.0,4628.0,24718.0,25440.0,19658.0,20395.0,17907.0,10681.0,10942.0,10477.0,10766.0,10274.0,11389.0,12952.0,8674.0,7357.0,18967.0,16991.0,12375.0,15422.0,15866.0,10186.0,10137.0,9977.0,13676.0,11941.0,12183.0,12477.0,8509.0,11325.0,11699.0,11720.0,11614.0,12065.0,12383.0,8568.0,7357.0,8542.0,9386.0,8818.0,9846.0,12295.0,8497.0,8910.0,8139.0,8631.0,7606.0,9417.0,9931.0,8177.0,8368.0,8781.0,7679.0,6818.0,9301.0,12626.0,10233.0,8811.0,7702.0,7347.0,6938.0,10667.0,8814.0,6827.0,6097.0,6959.0,6786.0,8208.0,9367.0,11522.0,7777.0,6823.0,7712.0,7586.0,5921.0,8053.0,7992.0,1136.0
야금술 : 업화 [19-20],3929.0,2685,2855,5468,5611,5133,5223,4715,4263,2704,4982,5773,5836,6178,5939,4153.0,2907.0,5368.0,5632.0,5325.0,6416.0,5512.0,3790.0,2817.0,6237.0,5846.0,5511.0,6248.0,6032.0,3690.0,3436.0,5336.0,5736,4925.0,5591.0,5323.0,2920.0,2741.0,5697.0,5105.0,4666.0,5700,5002.0,3483.0,2582.0,5645.0,5673.0,5303.0,5468.0,5070.0,3262.0,2921.0,5357,5138.0,5107.0,6458.0,5308.0,3338.0,2947.0,5241.0,5715.0,4233.0,5441.0,5171.0,2779.0,2566.0,5352.0,4974.0,6064.0,4549.0,4301.0,3390.0,3430.0,4727.0,4830.0,4549.0,5337.0,4482.0,2884.0,2564.0,5221.0,4801.0,4153.0,4550.0,4293.0,2753.0,2503,3737.0,3882,3912,4094,3601.0,3584.0,2866,4824.0,4363.0,3793,4332.0,4883,3439,3153.0,5198.0,3768.0,3297.0,4364.0,3352.0,2167.0,2077.0,3808.0,3212.0,3255.0,3505.0,3575,1976,2238,3685.0,3182.0,2875.0,4077.0,4281.0,2551.0,1934.0,31314.0,28175.0,15486.0,11524.0,9356.0,6488.0,4975.0,7866.0,6933.0,6043.0,6863.0,6467.0,3483.0,3342.0,25765.0,15410.0,12245.0,12728.0,11299.0,6362.0,5184.0,8851.0,7834.0,9546.0,7957.0,7556.0,5140.0,4127.0,7875.0,6701.0,6046.0,7624.0,6890.0,4495.0,3852.0,7287.0,7135.0,6639.0,7765.0,7119.0,5230.0,4618.0,7884.0,7227.0,6073.0,7340.0,6909.0,5135.0,5116.0,6021.0,5322.0,5194.0,5870.0,6246.0,5607.0,4405.0,5444.0,5110.0,4361.0,5736.0,5574.0,4394.0,3843.0,5682.0,5220.0,4498.0,5674.0,5759.0,3923.0,3669.0,4990.0,4635.0,4422.0,5085.0,5262.0,756.0
오레하 두툼한 생고기,2975.0,2896,596,1291,461,2098,1262,3022,2155,1537,2530,2769,4456,4622,3267,2159.0,5092.0,1322.0,860.0,788.0,2386.0,1243.0,1904.0,1735.0,2946.0,1269.0,1447.0,1227.0,4289.0,1438.0,1967.0,961.0,1374,570.0,1494.0,2060.0,950.0,834.0,1304.0,569.0,1845.0,1101,3942.0,2151.0,1109.0,1185.0,3202.0,213.0,1292.0,1689.0,2431.0,2295.0,777,350.0,1140.0,1350.0,3581.0,1783.0,845.0,2016.0,2281.0,2245.0,1896.0,2087.0,1435.0,1335.0,1312.0,884.0,2738.0,644.0,908.0,243.0,1958.0,225.0,2757.0,177.0,450.0,1187.0,799.0,2592.0,189.0,1229.0,1060.0,226.0,2188.0,169.0,388,1035.0,140,1199,1352,716.0,188.0,1050,1871.0,412.0,594,973.0,630,1911,1252.0,2060.0,1013.0,555.0,2248.0,867.0,330.0,423.0,1458.0,1141.0,1615.0,1617.0,523,395,410,567.0,1305.0,539.0,546.0,1476.0,1384.0,849.0,4458.0,1620.0,1008.0,1717.0,1862.0,1170.0,207.0,1132.0,79.0,474.0,844.0,68.0,1036.0,312.0,81.0,566.0,122.0,53.0,657.0,59.0,159.0,83.0,141.0,276.0,343.0,277.0,125.0,401.0,392.0,107.0,65.0,173.0,108.0,488.0,54.0,54.0,631.0,358.0,62.0,475.0,336.0,429.0,278.0,87.0,248.0,843.0,54.0,194.0,149.0,114.0,148.0,87.0,367.0,76.0,351.0,127.0,456.0,29.0,184.0,336.0,68.0,56.0,53.0,366.0,561.0,199.0,174.0,102.0,49.0,171.0,627.0,103.0,33.0,116.0,298.0,89.0
오레하 유물,5129.0,4229,1599,2393,1318,2489,2585,3830,6027,5863,7700,5603,5052,4666,3889,2669.0,3765.0,1221.0,1066.0,1211.0,5057.0,1515.0,3415.0,2063.0,3151.0,1115.0,1429.0,1572.0,4911.0,1521.0,1774.0,1149.0,1536,1547.0,1504.0,2315.0,1410.0,2329.0,3110.0,1452.0,1910.0,1173,4348.0,2003.0,2703.0,1665.0,3971.0,1557.0,1715.0,2187.0,3223.0,4320.0,1191,355.0,2719.0,1545.0,4191.0,3423.0,1103.0,2491.0,1586.0,2162.0,2149.0,1924.0,1300.0,3704.0,1507.0,1141.0,2433.0,1068.0,1296.0,1271.0,2172.0,1184.0,2076.0,936.0,1439.0,1100.0,1481.0,2621.0,471.0,1085.0,1296.0,1291.0,2358.0,209.0,1145,2645.0,1157,3219,1435,896.0,1469.0,1643,1841.0,1510.0,752,1677.0,748,2267,1071.0,2135.0,1083.0,534.0,2699.0,1321.0,965.0,1361.0,1947.0,1002.0,1451.0,1397.0,1285,1779,1200,425.0,1324.0,2372.0,1473.0,1637.0,1531.0,1661.0,3194.0,,,,,,,,,,,,,,,,,,,,,,,,,,,,,,,,,,,,,,,,,,,,,,,,,,,,,,,,,,,,,,,,,,,,,,,,,,,
오레하 태양 잉어,2583.0,1459,1710,3692,1469,2966,4714,4870,5983,1573,11032,5768,9529,5775,823,3667.0,10098.0,3776.0,2208.0,1050.0,5016.0,4782.0,3233.0,3114.0,3011.0,1626.0,2078.0,1556.0,4641.0,1571.0,2208.0,547.0,964,929.0,3899.0,3442.0,878.0,990.0,2658.0,764.0,2644.0,3604,6117.0,7949.0,3398.0,1397.0,3844.0,2185.0,1806.0,3071.0,5068.0,2723.0,355,469.0,1853.0,5614.0,4446.0,3319.0,3176.0,1570.0,1359.0,3724.0,5501.0,3491.0,4048.0,2101.0,4826.0,923.0,2818.0,3486.0,2802.0,4636.0,4271.0,702.0,2050.0,1959.0,561.0,3946.0,850.0,694.0,921.0,2346.0,2200.0,1030.0,6780.0,1059.0,984,3038.0,3380,4039,2990,670.0,909.0,1871,3206.0,2788.0,851,2632.0,684,1294,3080.0,2515.0,4627.0,860.0,2508.0,1760.0,645.0,971.0,16612.0,2906.0,3585.0,5099.0,2779,3464,4075,2893.0,3157.0,487.0,1224.0,3086.0,5416.0,7556.0,4937.0,1564.0,1837.0,9437.0,721.0,3259.0,6349.0,6367.0,3471.0,205.0,3059.0,3119.0,3282.0,3316.0,3485.0,948.0,1115.0,148.0,6620.0,3953.0,1218.0,101.0,1317.0,1545.0,517.0,377.0,3300.0,204.0,62.0,215.0,1123.0,578.0,2567.0,1448.0,4379.0,656.0,1189.0,4856.0,81.0,1035.0,1585.0,3079.0,1031.0,110.0,1096.0,1409.0,3767.0,2154.0,317.0,924.0,236.0,1243.0,1521.0,3966.0,175.0,1214.0,1646.0,386.0,480.0,958.0,103.0,78.0,251.0,374.0,1842.0,300.0,335.0,416.0,41.0,1036.0,775.0,154.0,60.0,1642.0,641.0,9.0
용암의 숨결,395269.0,323629,270550,330853,388372,334654,413175,767574,472628,259792,326386,392153,361883,423446,390608,382568.0,278443.0,291864.0,397017.0,255270.0,374690.0,399413.0,335732.0,282898.0,611685.0,475936.0,393525.0,438455.0,453617.0,382447.0,308588.0,375235.0,440198,368002.0,406709.0,431640.0,337424.0,284104.0,1030280.0,563157.0,435639.0,487740,462585.0,344584.0,259184.0,389412.0,436750.0,429336.0,464654.0,414119.0,313548.0,290819.0,430933,455252.0,430027.0,523024.0,471159.0,340335.0,292160.0,429703.0,340023.0,336233.0,418186.0,382341.0,375307.0,265078.0,353925.0,359928.0,703603.0,408537.0,400206.0,322491.0,257346.0,605878.0,495603.0,382246.0,425676.0,405333.0,292095.0,269981.0,378242.0,433599.0,350802.0,455560.0,400480.0,318558.0,275039,425379.0,424952,443207,450613,439598.0,354765.0,255097,362636.0,370088.0,303456,389183.0,384243,519225,250921.0,501219.0,333478.0,273854.0,354212.0,287166.0,222653.0,192481.0,304700.0,285701.0,233256.0,268835.0,309070,200824,227579,248040.0,211209.0,190806.0,334223.0,369606.0,263926.0,172992.0,472141.0,442991.0,312089.0,369598.0,383966.0,334120.0,252726.0,281024.0,336017.0,256035.0,297166.0,352835.0,260403.0,234709.0,600980.0,509472.0,420465.0,486616.0,550350.0,359339.0,311019.0,446564.0,377722.0,381681.0,418238.0,408396.0,323369.0,278038.0,353223.0,383778.0,300853.0,343991.0,391937.0,332191.0,275484.0,326710.0,347850.0,277346.0,694728.0,503209.0,413583.0,351916.0,448236.0,402776.0,418928.0,491515.0,554709.0,494405.0,350635.0,372600.0,404083.0,434944.0,519889.0,543934.0,462650.0,314284.0,585702.0,565880.0,436225.0,480824.0,494596.0,364646.0,345552.0,668873.0,762056.0,621635.0,748370.0,701089.0,452481.0,374455.0,373289.0,454699.0,353557.0,414531.0,426712.0,54644.0
운명의 돌파석,3565745.0,1986243,2396627,3338690,2869912,3062852,3404923,3862390,3211123,2576737,2605332,2683595,3906332,2865728,3337888,2466139.0,2471757.0,2057159.0,1950887.0,2104358.0,2359140.0,2486476.0,1883007.0,2060828.0,3095795.0,2284416.0,2326395.0,2886799.0,2301599.0,1732884.0,1957408.0,2326702.0,1895632,2051589.0,2252860.0,2947780.0,1660721.0,1950900.0,2460784.0,1941551.0,2089875.0,2047859,2278428.0,1854241.0,1444627.0,1890564.0,1973367.0,2285506.0,2479360.0,2168962.0,1697609.0,1668103.0,1715677,2125559.0,3441531.0,1888089.0,3354638.0,1447617.0,1803402.0,1717008.0,1435624.0,2352131.0,1561190.0,1937965.0,1290532.0,1296658.0,1810663.0,1307162.0,1753700.0,1364453.0,1625089.0,1251443.0,1585848.0,1317876.0,1157846.0,1452434.0,1309877.0,1746510.0,1123847.0,1409750.0,1373215.0,1157160.0,1390861.0,2310294.0,1711719.0,1154722.0,1458761,1124610.0,1777570,1465352,1758776,1709622.0,1785988.0,1604935,1351067.0,1080016.0,1240634,1273027.0,1775379,2168626,2120561.0,1416959.0,1072728.0,1271572.0,1224194.0,2333933.0,913494.0,2097620.0,1374539.0,1307872.0,1728286.0,1807149.0,1313150,989723,2386653,1405563.0,1306470.0,1069813.0,2857624.0,1705193.0,1501376.0,1958711.0,23723720.0,15620597.0,8501220.0,6900365.0,5771910.0,3659048.0,3358477.0,3573303.0,2628229.0,2564555.0,2568736.0,3178393.0,1742983.0,2027341.0,14040472.0,6290056.0,4664613.0,4703466.0,4161378.0,2506454.0,2113546.0,2247071.0,2226793.0,2812383.0,2336524.0,2618101.0,1609058.0,1702280.0,1735277.0,1657650.0,1598553.0,1647091.0,1933126.0,1186663.0,1474427.0,1972496.0,1755035.0,1290367.0,1466254.0,1865532.0,1265147.0,1867214.0,2196088.0,1611624.0,1538023.0,1451434.0,1751739.0,1555025.0,1293100.0,1320500.0,1190913.0,1263523.0,1305982.0,2154366.0,1321780.0,3051111.0,1072949.0,1005317.0,1217922.0,1370002.0,1150640.0,883350.0,1095776.0,1299803.0,1186064.0,1168991.0,1364192.0,1532598.0,1161164.0,1237719.0,1184486.0,1294097.0,1230624.0,1302680.0,1505514.0,431557.0
운명의 수호석,3509336.0,1804646,1830341,2173467,2374764,2174430,2433720,2319822,2239666,1692083,2133301,1860948,3663203,2129981,2203786,2034943.0,1649084.0,1760383.0,1932006.0,1848798.0,1994524.0,2018860.0,1431910.0,1476547.0,3671257.0,2001967.0,1772219.0,1808499.0,1623468.0,1384300.0,1217543.0,1545318.0,1614946,1397538.0,1577358.0,1404411.0,998094.0,995443.0,1363936.0,1282092.0,1248926.0,1249334,1399574.0,1001683.0,929352.0,1170118.0,1149583.0,1177278.0,1112856.0,1308125.0,1037754.0,832091.0,1102094,1089759.0,1127128.0,1567369.0,1571858.0,1138851.0,1146715.0,1486892.0,1187967.0,1714164.0,1354951.0,1490853.0,1245056.0,1124313.0,1180988.0,1203344.0,1249571.0,1197439.0,1038661.0,1111057.0,985394.0,911387.0,849246.0,916118.0,1054272.0,1077053.0,696405.0,1015187.0,880245.0,890153.0,1126514.0,1106386.0,1046254.0,884129.0,830651,1207839.0,1368043,1912093,1528225,1622141.0,1210250.0,871168,949293.0,1039743.0,876383,933026.0,1105763,1189365,978304.0,1276543.0,754352.0,970374.0,1090875.0,1065421.0,994118.0,742752.0,668219.0,641561.0,651786.0,737426.0,870757,510970,786532,696543.0,487070.0,666040.0,1729055.0,1613751.0,1390195.0,1211433.0,11644204.0,8680210.0,5411400.0,4760060.0,3910875.0,2471536.0,3490812.0,2796001.0,2474173.0,2527707.0,2792263.0,2354816.0,1819578.0,1693233.0,12078230.0,7347192.0,5447072.0,5532901.0,4930072.0,2709428.0,2110429.0,3084803.0,3260643.0,4184346.0,2765150.0,2534735.0,2129967.0,2637838.0,2705803.0,3254082.0,3145344.0,3261130.0,2913211.0,1822411.0,1862086.0,6162719.0,2913326.0,2374497.0,2835558.0,2242652.0,2017805.0,2326533.0,3102155.0,1801271.0,2064869.0,2145042.0,2811204.0,2217654.0,1527353.0,1881657.0,1626678.0,1758155.0,1960420.0,2089558.0,1996403.0,1470176.0,1764767.0,1702016.0,1540067.0,2007034.0,1886094.0,1326103.0,1612598.0,3580822.0,2039431.0,2392486.0,2964399.0,4088214.0,2306726.0,1719037.0,1610003.0,1760769.0,1777261.0,1477882.0,1595569.0,278624.0
운명의 수호석 결정,264251.0,191187,230653,334374,263161,275482,293291,393416,326256,233519,251683,254058,339573,333235,312038,294812.0,292112.0,299555.0,296525.0,269779.0,284071.0,363239.0,252895.0,293112.0,458127.0,301424.0,314204.0,274075.0,300635.0,273650.0,285125.0,330535.0,300412,284061.0,320424.0,326816.0,355261.0,273664.0,421738.0,256165.0,272017.0,302833,399894.0,240760.0,240848.0,328396.0,284478.0,329116.0,327624.0,377944.0,247374.0,276125.0,345895,276015.0,499976.0,533286.0,580661.0,418796.0,407813.0,556888.0,469700.0,436470.0,484073.0,431814.0,360950.0,350727.0,314167.0,290010.0,393562.0,371048.0,366893.0,434684.0,342975.0,411668.0,371457.0,331983.0,357080.0,468589.0,308427.0,307770.0,353727.0,287939.0,351092.0,365891.0,412296.0,304259.0,333337,454318.0,536961,626214,608806,593554.0,477597.0,328662,383407.0,389920.0,354240,435890.0,447210,399428,303137.0,420176.0,358761.0,355085.0,344529.0,355158.0,219456.0,221047.0,263915.0,251643.0,286190.0,286944.0,330013,205415,332092,259589.0,232296.0,197860.0,580464.0,624704.0,497302.0,399292.0,856233.0,777541.0,721200.0,608892.0,561814.0,533272.0,573387.0,671385.0,554499.0,591909.0,586785.0,635515.0,475160.0,462756.0,1138052.0,957750.0,853617.0,946155.0,899900.0,554984.0,512961.0,1061103.0,857726.0,1054690.0,808028.0,743385.0,572227.0,796373.0,990983.0,733960.0,804256.0,692603.0,738565.0,595794.0,587815.0,1137221.0,867258.0,845628.0,927025.0,833871.0,623699.0,844087.0,1289929.0,940300.0,1085177.0,1111470.0,1173155.0,919213.0,838681.0,968252.0,840758.0,959001.0,960126.0,1049177.0,885316.0,765201.0,1118369.0,857201.0,904777.0,825521.0,923222.0,601715.0,681140.0,1374498.0,1179895.0,1180092.0,1177991.0,1092934.0,648500.0,771617.0,808353.0,842767.0,736335.0,814051.0,786958.0,137932.0
운명의 파괴석,657801.0,469145,565393,638231,704845,664205,647375,934199,701179,573642,544281,590952,632280,633276,657944,483739.0,509556.0,565339.0,650735.0,531546.0,620105.0,679614.0,472059.0,467222.0,685356.0,621115.0,542000.0,660215.0,556940.0,518085.0,477806.0,543422.0,580905,576613.0,593951.0,596110.0,395156.0,441041.0,773809.0,544581.0,559739.0,543241,525129.0,371891.0,341043.0,451991.0,473849.0,517318.0,511564.0,477942.0,332767.0,342232.0,446178,415462.0,547098.0,642161.0,606797.0,367343.0,374354.0,584816.0,525905.0,492923.0,548130.0,463146.0,405670.0,319751.0,422050.0,406708.0,526836.0,349701.0,394102.0,370350.0,344884.0,395850.0,398650.0,373609.0,362508.0,385340.0,313985.0,327300.0,346852.0,375921.0,348585.0,373997.0,391308.0,247994.0,350869,351102.0,398420,514919,481561,481720.0,356970.0,302302,269691.0,286913.0,319014,383210.0,340384,335689,302293.0,342411.0,251669.0,258770.0,347219.0,282620.0,196187.0,231544.0,240799.0,212355.0,227470.0,239261.0,277882,172399,243429,236557.0,186859.0,260594.0,512270.0,431760.0,310833.0,367039.0,2628714.0,1632885.0,937957.0,746475.0,658505.0,372623.0,373814.0,491359.0,411646.0,353689.0,394035.0,421928.0,297522.0,329856.0,2506028.0,1237730.0,886370.0,872736.0,717933.0,391058.0,377566.0,457759.0,430785.0,496711.0,401091.0,402193.0,281728.0,314528.0,337075.0,387044.0,360290.0,410227.0,433004.0,275463.0,328894.0,370565.0,336214.0,368091.0,415821.0,421626.0,304766.0,357710.0,428480.0,417887.0,446785.0,444072.0,532786.0,400319.0,324084.0,358124.0,344916.0,392420.0,440076.0,400533.0,335286.0,313677.0,285701.0,365641.0,331543.0,336445.0,372360.0,247542.0,284173.0,284925.0,315035.0,281824.0,360169.0,326678.0,274620.0,277167.0,309248.0,357743.0,299230.0,311780.0,311346.0,49314.0
운명의 파괴석 결정,172680.0,152110,160956,215389,198543,198731,180646,290213,201955,161360,195398,172836,209475,191332,179114,176919.0,176754.0,212226.0,207386.0,179570.0,175780.0,190241.0,147757.0,161689.0,284740.0,227618.0,241446.0,214303.0,233056.0,205094.0,224270.0,228596.0,252578,275249.0,254635.0,266156.0,178400.0,226814.0,429297.0,235814.0,250392.0,229032,242907.0,190483.0,185447.0,250320.0,222347.0,273078.0,253035.0,276386.0,167873.0,207466.0,259110,241809.0,325996.0,304385.0,281036.0,199183.0,223133.0,360433.0,247508.0,278796.0,262456.0,256101.0,206689.0,177531.0,242048.0,201585.0,334652.0,201145.0,244409.0,214544.0,206735.0,274965.0,223802.0,234928.0,222055.0,232077.0,170512.0,213862.0,224709.0,227378.0,227196.0,262069.0,235843.0,194701.0,217263,300987.0,289775,366378,308635,314078.0,219625.0,190818,199131.0,196624.0,190128,226793.0,239127,210460,176252.0,281007.0,197194.0,208685.0,233572.0,191931.0,143671.0,166433.0,200458.0,175266.0,172554.0,166991.0,197904,118776,162685,191393.0,137540.0,184202.0,320647.0,276144.0,189610.0,195861.0,335395.0,274959.0,256145.0,241004.0,246663.0,169218.0,195130.0,269018.0,228554.0,239727.0,196424.0,240827.0,167290.0,197732.0,392683.0,307195.0,344745.0,331103.0,340201.0,202004.0,246833.0,497702.0,356850.0,348075.0,275205.0,278680.0,205373.0,266972.0,315551.0,286016.0,248119.0,239667.0,277532.0,168196.0,215212.0,294237.0,243155.0,263243.0,326559.0,296030.0,241670.0,262716.0,432336.0,409944.0,463082.0,491300.0,541647.0,370995.0,345977.0,437037.0,370600.0,398657.0,414513.0,459102.0,397022.0,335381.0,406867.0,372545.0,354378.0,337853.0,392325.0,266021.0,306221.0,418630.0,419540.0,445953.0,488273.0,502679.0,336623.0,367232.0,361691.0,400962.0,361914.0,367388.0,364670.0,45725.0
운명의 파편 주머니(대),353025.0,264125,229900,298849,321135,248109,333142,447427,379519,222357,266767,310448,296536,346618,362998,320436.0,250589.0,307079.0,355687.0,276351.0,364018.0,367963.0,292855.0,257073.0,308208.0,324980.0,259337.0,336697.0,382982.0,311136.0,263830.0,262015.0,298763,262683.0,356564.0,345010.0,295249.0,257220.0,334866.0,319686.0,240085.0,328799,356383.0,292694.0,248996.0,249092.0,291755.0,254790.0,306250.0,362551.0,278115.0,230723.0,290460,272775.0,336265.0,425564.0,506892.0,359282.0,285384.0,338398.0,298429.0,336087.0,338632.0,355971.0,286050.0,317069.0,240836.0,273411.0,332521.0,296590.0,315917.0,331321.0,279957.0,281580.0,288558.0,264913.0,321019.0,331557.0,261886.0,248591.0,244770.0,266976.0,217671.0,289113.0,373565.0,266628.0,224847,267116.0,295331,313468,397801,372812.0,356124.0,215347,226168.0,245140.0,231495,295862.0,371018,308550,251100.0,260146.0,270935.0,205933.0,279966.0,313664.0,271596.0,212947.0,222898.0,184777.0,226404.0,209748.0,324737,302629,213241,209436.0,197863.0,178845.0,468753.0,364251.0,358905.0,357871.0,1301653.0,1083317.0,706407.0,662865.0,647042.0,524520.0,350382.0,487473.0,391736.0,321089.0,369832.0,478032.0,309572.0,335161.0,2128177.0,1398406.0,1047729.0,1130877.0,856430.0,595796.0,443529.0,940125.0,860145.0,674195.0,525293.0,530905.0,429962.0,349458.0,446578.0,447733.0,402424.0,440564.0,462167.0,378654.0,286848.0,806273.0,440727.0,460186.0,497725.0,483482.0,415644.0,333816.0,517445.0,501119.0,469178.0,542222.0,641067.0,479457.0,394909.0,522484.0,504770.0,502270.0,527894.0,538294.0,502879.0,365101.0,507616.0,483317.0,360851.0,470628.0,457591.0,375637.0,342179.0,565593.0,572230.0,508215.0,569576.0,565308.0,444077.0,410110.0,464248.0,491195.0,405564.0,522717.0,458418.0,70847.0
위대한 운명의 돌파석,939142.0,563232,695253,848461,761900,853816,772147,1188931,928617,690648,756988,683828,1036750,764458,914237,785589.0,730610.0,622457.0,663511.0,675821.0,669720.0,1076686.0,574348.0,879396.0,1241347.0,824824.0,791066.0,858608.0,1051239.0,999658.0,980307.0,892527.0,767213,711151.0,890091.0,972129.0,807850.0,867523.0,1411263.0,911739.0,960393.0,970887,1143933.0,823718.0,942922.0,970364.0,698502.0,862118.0,750242.0,1068746.0,718020.0,832100.0,963473,1007724.0,1648231.0,1161748.0,1467796.0,938896.0,1118596.0,1249536.0,881976.0,988001.0,1037676.0,1121068.0,831781.0,857740.0,836158.0,756313.0,1119258.0,941552.0,992485.0,1007123.0,1133904.0,1091431.0,877642.0,920630.0,892107.0,1323682.0,788416.0,877525.0,897819.0,874548.0,1067307.0,987982.0,1127873.0,755674.0,835973,1037758.0,1057101,1379480,1339127,1373782.0,998700.0,841757,848250.0,724034.0,812680,933920.0,1225182,1048498,822451.0,981444.0,749157.0,802878.0,770221.0,1045196.0,545791.0,915951.0,818924.0,558771.0,775395.0,820935.0,1266355,599425,824570,1101087.0,499795.0,679489.0,1335453.0,1276003.0,1324777.0,1080922.0,2157052.0,1954926.0,1702002.0,1656258.0,1631213.0,1213024.0,1241630.0,1246586.0,1110054.0,1277358.0,1103718.0,1298139.0,1053680.0,1423768.0,3617872.0,2040517.0,2968480.0,1733947.0,1858298.0,1339175.0,1523441.0,2369811.0,1344509.0,1512452.0,1215434.0,1756561.0,1039493.0,1183294.0,1484457.0,1133430.0,1214877.0,1278402.0,1569425.0,1461938.0,1270878.0,4236709.0,1879831.0,3268862.0,1947225.0,2272364.0,1274883.0,1756944.0,2223058.0,2442556.0,1946045.0,1815207.0,2109897.0,1522232.0,1545718.0,1858093.0,1742153.0,1588653.0,1552247.0,1807197.0,1669953.0,2250441.0,1907836.0,1507600.0,1471695.0,1561417.0,1782884.0,1154178.0,1445749.0,2677026.0,2494708.0,2297714.0,3762418.0,2847241.0,1467832.0,1766283.0,1719581.0,2986365.0,4828613.0,1986249.0,1819696.0,268308.0
위장 로브,0.0,8,21,0,1,10,0,0,6,0,62,0,4,0,10,0.0,15.0,0.0,0.0,0.0,0.0,0.0,5.0,0.0,0.0,10.0,0.0,0.0,0.0,43.0,0.0,0.0,0,0.0,0.0,10.0,1.0,0.0,6.0,151.0,0.0,851,10.0,0.0,0.0,0.0,0.0,11.0,0.0,0.0,8.0,0.0,0,0.0,1.0,0.0,0.0,0.0,0.0,0.0,10.0,0.0,0.0,0.0,0.0,0.0,0.0,0.0,0.0,2.0,0.0,0.0,0.0,0.0,0.0,334.0,115.0,15.0,0.0,0.0,0.0,0.0,0.0,0.0,0.0,0.0,0,0.0,0,0,6,0.0,0.0,30,0.0,0.0,0,0.0,0,4,0.0,0.0,33.0,92.0,0.0,0.0,129.0,4.0,0.0,1.0,0.0,1.0,0,0,0,36.0,13.0,0.0,0.0,29.0,0.0,0.0,0.0,0.0,0.0,0.0,0.0,1.0,0.0,0.0,0.0,0.0,0.0,0.0,0.0,6.0,0.0,0.0,1.0,0.0,1.0,0.0,2.0,1.0,0.0,0.0,0.0,0.0,0.0,1.0,0.0,0.0,0.0,0.0,9.0,0.0,0.0,0.0,3.0,50.0,0.0,1.0,1.0,0.0,1.0,0.0,0.0,0.0,1.0,11.0,3.0,0.0,54.0,0.0,2.0,5.0,0.0,0.0,0.0,0.0,0.0,5.0,0.0,0.0,0.0,0.0,0.0,0.0,9.0,873.0,66.0,0.0,0.0,0.0,0.0,327.0,6.0,1.0
은신 로브,0.0,7,15,5,4,5,15,1,1,19,0,0,0,20,6,1.0,11.0,104.0,0.0,0.0,21.0,3.0,0.0,0.0,5.0,1.0,0.0,5.0,0.0,13.0,0.0,4.0,100,0.0,1.0,24.0,18.0,1.0,1048.0,50.0,0.0,30,5.0,2.0,0.0,0.0,26.0,34.0,17.0,0.0,0.0,26.0,0,0.0,23.0,17.0,89.0,0.0,0.0,16.0,11.0,5.0,20.0,0.0,0.0,0.0,48.0,0.0,0.0,50.0,0.0,1.0,0.0,18.0,0.0,0.0,0.0,20.0,0.0,1.0,0.0,1.0,0.0,1.0,6.0,0.0,0,0.0,0,0,4,0.0,0.0,127,10.0,2.0,0,0.0,0,3,0.0,5.0,25.0,5.0,5.0,0.0,1.0,0.0,1.0,0.0,0.0,0.0,0,0,0,288.0,0.0,0.0,0.0,5.0,2.0,0.0,0.0,0.0,0.0,6.0,2.0,8.0,0.0,8.0,3.0,3.0,10.0,4.0,1.0,20.0,1.0,6.0,3.0,0.0,1.0,0.0,15.0,0.0,3.0,115.0,1.0,0.0,3.0,2.0,50.0,3.0,0.0,3.0,1.0,0.0,0.0,1.0,2.0,0.0,3.0,16.0,0.0,0.0,0.0,3.0,0.0,0.0,1.0,4.0,2.0,0.0,2.0,0.0,183.0,20.0,5.0,0.0,3.0,40.0,3.0,5.0,0.0,7.0,0.0,0.0,1.0,98.0,374.0,29.0,0.0,412.0,22.0,0.0,0.0,2.0,0.0,
장인의 야금술 : 1단계,4535.0,3526,3386,4778,3795,4294,4923,5169,4723,3228,3981,4022,3719,4804,4450,3602.0,3156.0,3484.0,3682.0,3475.0,4811.0,4595.0,3369.0,3522.0,4138.0,3706.0,4024.0,4266.0,4668.0,3670.0,3118.0,4244.0,3912,3661.0,4431.0,4340.0,3311.0,4009.0,3812.0,3569.0,3509.0,4183,4841.0,2711.0,2859.0,4008.0,3238.0,3230.0,3830.0,4173.0,3001.0,2671.0,3164,2711.0,3121.0,3235.0,4152.0,2624.0,2456.0,2988.0,3643.0,2513.0,3963.0,2847.0,2207.0,2513.0,3221.0,2567.0,3274.0,3435.0,3313.0,2635.0,3657.0,2710.0,2670.0,2377.0,3083.0,3459.0,2311.0,2365.0,2795.0,2452.0,2262.0,2471.0,2580.0,2013.0,2083,1767.0,1948,1964,1970,2091.0,2366.0,2022,2206.0,3023.0,1542,1790.0,2246,1844,2083.0,2734.0,2310.0,2000.0,2102.0,2298.0,1377.0,1486.0,1957.0,1362.0,1647.0,1707.0,2189,1468,1693,2674.0,1273.0,1268.0,2733.0,3079.0,1539.0,2511.0,7753.0,6987.0,7077.0,7236.0,6497.0,4581.0,3907.0,4014.0,3205.0,3961.0,3500.0,3762.0,2248.0,2410.0,3099.0,3894.0,3191.0,4339.0,4251.0,2888.0,2820.0,2463.0,2337.0,2743.0,2774.0,2855.0,1808.0,1760.0,1750.0,1948.0,2334.0,2237.0,2274.0,1647.0,949.0,1683.0,1377.0,1302.0,1648.0,2047.0,1327.0,1698.0,1202.0,1263.0,1192.0,1658.0,1631.0,1294.0,1655.0,1166.0,1432.0,1530.0,1867.0,1476.0,1724.0,1113.0,1324.0,1293.0,1460.0,1718.0,1357.0,908.0,1077.0,1136.0,1090.0,878.0,1184.0,1596.0,943.0,1187.0,772.0,943.0,1090.0,1310.0,1132.0,84.0
장인의 야금술 : 2단계,7453.0,4664,4411,7495,7656,7195,7729,8120,7095,4430,6805,7043,6455,8487,7518,5399.0,4752.0,6985.0,6183.0,6044.0,7679.0,7738.0,5793.0,4141.0,6646.0,6484.0,6208.0,7432.0,7392.0,5065.0,4952.0,6461.0,6371,6225.0,7243.0,7267.0,4646.0,5175.0,7262.0,6262.0,5260.0,6946,6254.0,4322.0,4537.0,6133.0,6191.0,5010.0,6386.0,6311.0,3921.0,3826.0,5878,4818.0,4934.0,5959.0,6966.0,4884.0,3728.0,5225.0,4753.0,4363.0,5076.0,5572.0,3556.0,3236.0,5572.0,4037.0,5183.0,4234.0,4539.0,3415.0,4351.0,3724.0,4236.0,3964.0,5126.0,4868.0,3316.0,3191.0,4909.0,3828.0,3652.0,3917.0,4097.0,2899.0,2401,2939.0,2625,2416,3274,2608.0,2902.0,2508,2663.0,4923.0,2447,3010.0,3090,2137,2450.0,3890.0,2574.0,2120.0,3108.0,3690.0,2328.0,1860.0,3322.0,1699.0,2655.0,2357.0,2894,1618,1701,1647.0,1791.0,1805.0,5095.0,4267.0,2316.0,2198.0,10953.0,13108.0,9285.0,11828.0,7909.0,6071.0,4754.0,4856.0,5040.0,5338.0,5590.0,6061.0,5433.0,3188.0,7887.0,6473.0,7386.0,6405.0,6199.0,4307.0,4288.0,4797.0,5063.0,5375.0,6262.0,5923.0,3247.0,3730.0,4805.0,4778.0,3856.0,4510.0,6362.0,4177.0,2968.0,4362.0,3900.0,3217.0,4761.0,4625.0,3261.0,3201.0,5614.0,3663.0,3382.0,3498.0,4637.0,3358.0,3933.0,4953.0,3818.0,3518.0,3734.0,3656.0,4005.0,3122.0,5110.0,3863.0,3130.0,10453.0,4014.0,2486.0,2979.0,3189.0,3406.0,3668.0,5134.0,3991.0,2600.0,4226.0,6725.0,3937.0,3304.0,3934.0,3281.0,526.0
장인의 야금술 : 3단계,5095.0,2861,2760,6029,6878,5937,5811,5586,4965,2748,5939,6603,5748,7231,6407,4057.0,3403.0,6085.0,6934.0,6046.0,7013.0,6475.0,4380.0,3705.0,7353.0,7541.0,7097.0,9275.0,9149.0,5074.0,4636.0,8198.0,7979,7643.0,9069.0,8105.0,5138.0,4311.0,8357.0,7760.0,7229.0,9153,8044.0,5296.0,4034.0,8313.0,8319.0,7908.0,8837.0,8603.0,5331.0,5021.0,7405,7801.0,7512.0,9153.0,8428.0,5279.0,4604.0,7898.0,7399.0,7109.0,8665.0,7951.0,5622.0,4583.0,7472.0,7212.0,9395.0,7684.0,6853.0,5079.0,5611.0,7202.0,7625.0,6837.0,8524.0,7899.0,4458.0,4575.0,7458.0,6893.0,6160.0,6895.0,6217.0,4165.0,3693,5040.0,5009,5299,5174,5624.0,4937.0,4724,6078.0,6690.0,4896,5198.0,6886,4506,4062.0,6533.0,6488.0,4331.0,5001.0,4886.0,3614.0,4444.0,4489.0,4299.0,3560.0,4421.0,4555,2821,2767,3717.0,3436.0,2998.0,5111.0,4682.0,3837.0,2866.0,42053.0,40957.0,25757.0,21343.0,18724.0,9076.0,7320.0,7601.0,8430.0,6924.0,8029.0,8077.0,4697.0,4334.0,30924.0,19643.0,16447.0,17175.0,14662.0,8539.0,7455.0,7374.0,7485.0,10615.0,10289.0,8946.0,6136.0,6151.0,6556.0,7593.0,6386.0,9266.0,8671.0,5498.0,5356.0,6065.0,6374.0,6521.0,7969.0,7620.0,5779.0,5408.0,6218.0,6486.0,6498.0,7140.0,7249.0,5476.0,5763.0,5833.0,5863.0,6025.0,7367.0,6713.0,6815.0,4907.0,5082.0,5259.0,4981.0,6530.0,6059.0,4506.0,4838.0,5197.0,5249.0,5039.0,6112.0,6436.0,4663.0,4694.0,4820.0,4976.0,5167.0,5732.0,6060.0,974.0
장인의 야금술 : 4단계,3184.0,1964,1309,4617,4684,3839,4049,3620,2933,1888,4526,4785,4401,4849,4119,2409.0,1915.0,4821.0,5567.0,4220.0,4901.0,4429.0,2288.0,2189.0,6983.0,7650.0,6865.0,8072.0,6749.0,4615.0,3235.0,8122.0,7949,7142.0,8076.0,7355.0,3981.0,3081.0,8171.0,8200.0,7778.0,8163,7084.0,4475.0,3866.0,8992.0,9145.0,7776.0,8218.0,7545.0,3878.0,3840.0,8786,8855.0,8591.0,10361.0,8480.0,5819.0,3977.0,9646.0,9821.0,7908.0,8857.0,8060.0,5718.0,4609.0,9404.0,8963.0,10583.0,8674.0,7068.0,5127.0,5558.0,9755.0,9362.0,8309.0,9250.0,8032.0,5074.0,4131.0,9604.0,8314.0,7432.0,8261.0,7391.0,4608.0,4182,8711.0,7293,7247,7785,7764.0,6580.0,5264,8702.0,9003.0,7008,8203.0,9630,6422,5133.0,11032.0,7450.0,6735.0,7481.0,6403.0,4224.0,4643.0,11932.0,6982.0,6305.0,6913.0,8449,3554,3964,7020.0,6105.0,6506.0,9185.0,7375.0,5657.0,4596.0,37880.0,45199.0,25025.0,24057.0,19105.0,10879.0,8701.0,15835.0,10751.0,9387.0,10655.0,9624.0,5611.0,4651.0,25693.0,22612.0,17774.0,20761.0,17297.0,10879.0,8822.0,14925.0,15360.0,14860.0,13649.0,12280.0,8394.0,7358.0,13978.0,13318.0,11292.0,13578.0,12417.0,9300.0,7234.0,12265.0,13133.0,12327.0,14318.0,12856.0,9152.0,7905.0,14085.0,13385.0,12595.0,14421.0,15583.0,12055.0,9758.0,14423.0,14950.0,13233.0,15284.0,14569.0,11806.0,9334.0,13652.0,14551.0,12129.0,14571.0,13928.0,10449.0,9189.0,13323.0,13690.0,14273.0,15089.0,15431.0,10344.0,9644.0,14054.0,13917.0,12145.0,14690.0,13631.0,2085.0
장인의 재봉술 : 1단계,22100.0,16122,15366,22741,19489,22369,24077,24063,22697,15944,17800,17838,17669,22833,22169,16926.0,15872.0,17443.0,19017.0,15627.0,23128.0,22592.0,16427.0,15737.0,17770.0,18495.0,17937.0,23060.0,23456.0,19930.0,16714.0,20039.0,19635,18885.0,23473.0,20828.0,13866.0,17896.0,17614.0,15340.0,15171.0,21551,22749.0,14850.0,12745.0,16769.0,17382.0,16771.0,18507.0,21463.0,14481.0,13797.0,15130,15802.0,13165.0,17066.0,23005.0,13128.0,11984.0,14852.0,15655.0,12966.0,15615.0,16926.0,11799.0,13200.0,14127.0,14200.0,17022.0,17172.0,16122.0,14732.0,17510.0,14431.0,12295.0,12772.0,16245.0,16480.0,10410.0,12095.0,12547.0,11550.0,11340.0,11695.0,12741.0,9488.0,10904,10943.0,9462,9801,10575,11878.0,11698.0,9345,13994.0,10440.0,8651,9680.0,12730,10074,10305.0,12355.0,10449.0,7571.0,10181.0,10800.0,8038.0,7539.0,8475.0,8252.0,8538.0,9069.0,11650,8449,7307,8642.0,6473.0,6793.0,27847.0,22360.0,9193.0,10334.0,39029.0,38326.0,24815.0,30458.0,24354.0,16687.0,15313.0,16161.0,12898.0,15252.0,15005.0,18929.0,10813.0,10594.0,16144.0,19532.0,14803.0,19223.0,18841.0,15322.0,12341.0,12714.0,11534.0,14016.0,12851.0,13732.0,8666.0,8993.0,9112.0,10056.0,7902.0,10661.0,10154.0,7337.0,5510.0,7006.0,7035.0,5956.0,8866.0,9213.0,6359.0,7254.0,6688.0,6042.0,5681.0,7145.0,7280.0,6655.0,6996.0,5963.0,6397.0,5296.0,7326.0,7483.0,7586.0,5359.0,5493.0,5318.0,4884.0,7637.0,6719.0,5069.0,4350.0,4521.0,4771.0,4658.0,5925.0,6278.0,5636.0,4515.0,4146.0,4606.0,4404.0,4954.0,5907.0,922.0
장인의 재봉술 : 2단계,36240.0,21828,21268,35124,37905,36906,39134,38867,35381,21921,34495,34380,33248,41444,41513,25776.0,21115.0,30371.0,32677.0,30551.0,40930.0,39851.0,28162.0,21796.0,32801.0,36269.0,32123.0,38782.0,39892.0,26589.0,23976.0,32889.0,32777,30846.0,39171.0,35282.0,25029.0,29530.0,31790.0,29298.0,27352.0,32967,34337.0,21975.0,19384.0,28671.0,29874.0,28936.0,30580.0,31856.0,20809.0,18098.0,27773,25357.0,25110.0,30119.0,32295.0,18985.0,18262.0,24310.0,24801.0,22028.0,27635.0,24268.0,17989.0,17044.0,25273.0,21064.0,25021.0,24358.0,23099.0,17164.0,23136.0,20144.0,23211.0,18497.0,23440.0,27330.0,16136.0,16661.0,22175.0,17736.0,17505.0,20689.0,20093.0,13477.0,11693,14334.0,13151,12513,14754,14633.0,16451.0,13756,15106.0,24519.0,12564,15126.0,17173,11468,11492.0,19339.0,14628.0,13666.0,16274.0,14206.0,10297.0,9003.0,13448.0,9997.0,12275.0,11256.0,13491,8140,8731,9143.0,8469.0,12263.0,17858.0,24660.0,20670.0,9647.0,62251.0,53958.0,46452.0,57973.0,41588.0,27201.0,22768.0,27459.0,25886.0,25639.0,27542.0,31438.0,17572.0,17687.0,31779.0,39920.0,28087.0,30084.0,31281.0,20201.0,22840.0,21263.0,22684.0,28175.0,28590.0,29569.0,18125.0,16852.0,22131.0,22833.0,18653.0,26171.0,25072.0,17627.0,13463.0,17919.0,16695.0,16052.0,22590.0,23856.0,17192.0,15848.0,22691.0,17017.0,14975.0,19258.0,20522.0,16616.0,16533.0,17172.0,13635.0,15793.0,19278.0,18649.0,18826.0,15059.0,15213.0,17697.0,18282.0,22993.0,18818.0,13314.0,13871.0,15359.0,14745.0,14885.0,18058.0,17773.0,12620.0,13390.0,16493.0,14939.0,13816.0,15548.0,15984.0,2305.0
장인의 재봉술 : 3단계,20478.0,13254,11903,30559,29510,24869,27334,24420,21779,12277,27853,28540,28510,31996,27829,16718.0,13257.0,24916.0,29028.0,25350.0,29703.0,28497.0,17737.0,14460.0,33581.0,33300.0,32914.0,40285.0,38359.0,22652.0,19037.0,38595.0,39031,33300.0,41876.0,37130.0,21982.0,20367.0,36398.0,36113.0,33616.0,40153,37097.0,21955.0,17688.0,37354.0,37394.0,34322.0,38060.0,36328.0,22193.0,20035.0,37083,34317.0,34943.0,43817.0,39673.0,23814.0,20604.0,39237.0,35704.0,31212.0,36108.0,34284.0,24522.0,20086.0,35762.0,32374.0,39218.0,33035.0,28837.0,22502.0,24117.0,29525.0,31513.0,28502.0,34443.0,32583.0,20707.0,18101.0,32479.0,27840.0,26988.0,28807.0,29904.0,16895.0,15994,23949.0,23065,23210,26467,25100.0,23863.0,18644,26495.0,25345.0,22132,24985.0,33884,23252,19152.0,29273.0,23037.0,20062.0,24336.0,21786.0,15467.0,13236.0,21304.0,19231.0,16013.0,19777.0,20873,11701,12709,16355.0,16060.0,14218.0,22456.0,19663.0,13512.0,13013.0,205175.0,149605.0,86488.0,71475.0,58253.0,32971.0,25451.0,32946.0,32046.0,29279.0,34566.0,35149.0,19748.0,17736.0,110291.0,69988.0,56933.0,70495.0,56041.0,34161.0,28164.0,32019.0,33738.0,44183.0,48432.0,41127.0,25395.0,25180.0,31631.0,30913.0,30992.0,40790.0,38397.0,24448.0,22523.0,28170.0,29928.0,31172.0,35771.0,34847.0,23853.0,24864.0,29492.0,29859.0,28111.0,32575.0,34436.0,25307.0,26117.0,26376.0,26179.0,25527.0,31531.0,34187.0,32961.0,24294.0,24625.0,25033.0,23109.0,30829.0,28951.0,21817.0,23159.0,24613.0,22899.0,23244.0,30512.0,30752.0,21654.0,21549.0,24164.0,23930.0,22056.0,27166.0,29897.0,4252.0
장인의 재봉술 : 4단계,13841.0,9031,8776,24845,23785,17599,19340,16760,12744,9303,22797,21965,21061,21904,18478,12636.0,10192.0,23990.0,22917.0,20633.0,22566.0,19661.0,12469.0,9794.0,33307.0,33676.0,28724.0,36144.0,30272.0,19515.0,16839.0,38896.0,39048,34768.0,36869.0,32331.0,19197.0,16203.0,40837.0,39622.0,35280.0,37618,31355.0,18964.0,16253.0,40904.0,40942.0,37502.0,36697.0,33883.0,19771.0,18259.0,40144,39320.0,41310.0,46647.0,40255.0,22957.0,17541.0,44378.0,45625.0,37634.0,41630.0,38669.0,25668.0,21623.0,47894.0,40265.0,47925.0,38464.0,34233.0,23786.0,25443.0,42958.0,43654.0,38294.0,44849.0,39523.0,23409.0,18876.0,46004.0,39529.0,35313.0,39460.0,35828.0,22765.0,20345,39842.0,35835,33397,38397,37939.0,34276.0,25955,46698.0,43177.0,36014,40276.0,52230,32316,24797.0,52471.0,37236.0,31905.0,34625.0,31329.0,18939.0,19173.0,44785.0,33427.0,31268.0,33906.0,40883,16948,18681,34016.0,29575.0,31084.0,43868.0,35016.0,26346.0,22126.0,210397.0,226127.0,117685.0,94063.0,76639.0,44363.0,32592.0,58255.0,46334.0,41902.0,46056.0,42345.0,23618.0,20179.0,127753.0,94805.0,77357.0,86576.0,68585.0,41231.0,31543.0,61783.0,57210.0,64776.0,58381.0,53821.0,34529.0,29073.0,61228.0,56079.0,51311.0,61029.0,53889.0,32712.0,27518.0,56074.0,58053.0,53699.0,60705.0,52468.0,36286.0,35730.0,66882.0,63762.0,59678.0,71025.0,71086.0,50258.0,45419.0,67454.0,66766.0,62113.0,74039.0,68372.0,61656.0,44934.0,65982.0,68099.0,55141.0,70159.0,65905.0,46013.0,42974.0,65330.0,69243.0,62353.0,73241.0,72493.0,47907.0,46264.0,65877.0,64873.0,57439.0,68069.0,64499.0,9833.0
재봉술 : 업화 [11-14],12354.0,7228,6433,8252,9238,8619,10548,11799,11612,8986,8221,7489,8282,10059,10842,7852.0,7407.0,5701.0,7185.0,6916.0,7933.0,9913.0,6198.0,6005.0,5259.0,5142.0,5670.0,8447.0,7739.0,6102.0,5252.0,4910.0,5394,5728.0,7442.0,7816.0,5350.0,5719.0,3823.0,4059.0,3732.0,5337,6004.0,4281.0,4205.0,3374.0,4128.0,4332.0,5657.0,6411.0,3898.0,3576.0,3731,3427.0,3353.0,4387.0,5336.0,3906.0,3552.0,3095.0,2568.0,3047.0,3784.0,4511.0,2971.0,3327.0,3157.0,2495.0,3317.0,3223.0,3529.0,3411.0,3129.0,2590.0,2233.0,2720.0,3505.0,3522.0,2430.0,2950.0,2646.0,1941.0,2515.0,3059.0,2366.0,1999.0,2400,1700.0,1468,1669,1880,2258.0,2601.0,2027,1377.0,2367.0,1531,1432.0,2307,2003,2182.0,1814.0,1568.0,1164.0,1954.0,2015.0,1438.0,1079.0,1507.0,1403.0,1334.0,1756.0,1845,1394,1443,1304.0,905.0,740.0,2045.0,2574.0,1686.0,1309.0,11637.0,6987.0,6625.0,5593.0,6252.0,3218.0,2884.0,2588.0,2449.0,2470.0,2943.0,3600.0,2263.0,1718.0,5091.0,4687.0,4779.0,5409.0,3575.0,2774.0,3198.0,1563.0,2228.0,2293.0,2838.0,2859.0,1930.0,1233.0,1571.0,1495.0,1609.0,1880.0,2362.0,1318.0,1538.0,908.0,991.0,860.0,1916.0,2236.0,1828.0,1283.0,1182.0,946.0,981.0,1692.0,3295.0,1298.0,1403.0,980.0,967.0,1388.0,1632.0,1325.0,1812.0,1616.0,1007.0,1057.0,814.0,1272.0,1646.0,1189.0,1198.0,690.0,795.0,1798.0,1243.0,1503.0,1278.0,1157.0,1040.0,1069.0,700.0,1024.0,1114.0,351.0
재봉술 : 업화 [15-18],45990.0,28450,22487,44674,49875,47910,54665,51489,44977,28451,42204,46203,45539,54832,54156,37551.0,35161.0,42876.0,48106.0,47147.0,55373.0,55400.0,36984.0,27378.0,51797.0,59774.0,52947.0,67856.0,63178.0,52840.0,45208.0,51668.0,59985,55811.0,68699.0,62425.0,43412.0,47845.0,55775.0,60246.0,67750.0,72665,68762.0,45693.0,54895.0,50112.0,59522.0,57726.0,69344.0,71927.0,40719.0,42572.0,67428,55576.0,56272.0,76973.0,78011.0,54178.0,35694.0,62731.0,58198.0,60551.0,75333.0,68729.0,46730.0,41772.0,53257.0,56083.0,64152.0,53866.0,52400.0,34456.0,68208.0,40552.0,50002.0,42233.0,60052.0,61531.0,39142.0,32268.0,47989.0,48334.0,52633.0,49542.0,54803.0,36550.0,34659,38628.0,42310,41742,47578,42401.0,44224.0,34980,35044.0,41924.0,49614,68658.0,52349,36936,35651.0,52503.0,44022.0,32295.0,39466.0,36341.0,30274.0,21925.0,51915.0,34067.0,30069.0,33092.0,38026,30490,21662,32000.0,28966.0,25689.0,50521.0,60345.0,37691.0,19359.0,133648.0,132023.0,216620.0,97177.0,155208.0,83416.0,120808.0,82157.0,81995.0,140550.0,64689.0,64963.0,46561.0,57287.0,512349.0,85129.0,77871.0,88861.0,85856.0,55587.0,110276.0,64399.0,79670.0,66459.0,80511.0,69180.0,58634.0,41877.0,51771.0,62479.0,56593.0,57595.0,59897.0,42367.0,37361.0,52758.0,48596.0,44789.0,70327.0,57225.0,42389.0,39239.0,44935.0,42852.0,41467.0,47291.0,65794.0,40364.0,42243.0,40158.0,46059.0,41354.0,45889.0,58070.0,51459.0,43933.0,36063.0,36669.0,46090.0,54421.0,48340.0,35817.0,34694.0,47192.0,34591.0,41517.0,47661.0,53668.0,38393.0,39202.0,41797.0,42427.0,32153.0,42402.0,41201.0,7234.0
재봉술 : 업화 [19-20],18862.0,11377,10878,25014,24554,22319,24078,21264,19142,11102,24532,25444,25198,29214,27089,15875.0,14141.0,23118.0,24682.0,23426.0,28439.0,26031.0,16381.0,13878.0,27548.0,26400.0,25494.0,29649.0,25236.0,15777.0,15156.0,26689.0,25492,23870.0,26414.0,25680.0,13467.0,12893.0,23764.0,25312.0,22420.0,25991,22962.0,15237.0,11400.0,24416.0,26692.0,24676.0,26210.0,25619.0,13486.0,13249.0,23628,23240.0,25071.0,30099.0,27114.0,16153.0,12468.0,27684.0,24932.0,23378.0,25873.0,24963.0,17348.0,12969.0,25798.0,23189.0,27673.0,23039.0,20530.0,15869.0,16758.0,25119.0,24345.0,20360.0,26014.0,21788.0,14878.0,12695.0,25073.0,24239.0,21219.0,23444.0,21347.0,13286.0,12203,19734.0,18289,18803,20178,19469.0,16227.0,13636,22782.0,19925.0,18027,19011.0,25298,17089,13917.0,26281.0,19669.0,16513.0,18203.0,16815.0,10206.0,9991.0,17194.0,15854.0,14186.0,17081.0,15080,9830,10717,17570.0,14706.0,12822.0,20910.0,20755.0,12620.0,9197.0,154528.0,110272.0,60215.0,55535.0,42293.0,28518.0,21787.0,38671.0,35178.0,29225.0,32486.0,30376.0,17905.0,16319.0,127081.0,80304.0,61057.0,60523.0,51858.0,31810.0,26601.0,46018.0,40562.0,47959.0,40749.0,35640.0,27037.0,22982.0,38749.0,35633.0,32487.0,37528.0,33673.0,21714.0,19680.0,34439.0,35107.0,33997.0,35487.0,32336.0,22086.0,19546.0,34020.0,29976.0,26576.0,28939.0,28977.0,24316.0,22386.0,26876.0,23657.0,23346.0,27233.0,26063.0,27153.0,18037.0,24562.0,21589.0,21174.0,25453.0,24502.0,18813.0,17452.0,23031.0,22731.0,19988.0,25608.0,25246.0,17887.0,16008.0,21975.0,21477.0,19479.0,24170.0,23260.0,3273.0
전기 수류탄,0.0,0,150,200,0,0,100,375,0,0,0,0,0,105,255,0.0,0.0,0.0,0.0,20.0,20.0,0.0,0.0,0.0,5.0,0.0,0.0,0.0,1.0,1.0,0.0,10.0,15,0.0,0.0,0.0,0.0,9.0,100.0,0.0,960.0,0,100.0,100.0,0.0,0.0,0.0,0.0,0.0,0.0,0.0,0.0,0,100.0,0.0,370.0,0.0,0.0,0.0,0.0,13.0,0.0,0.0,0.0,0.0,0.0,0.0,0.0,41.0,0.0,0.0,1.0,0.0,0.0,0.0,0.0,0.0,0.0,0.0,12.0,133.0,0.0,0.0,266.0,0.0,0.0,0,0.0,0,0,0,0.0,0.0,0,0.0,0.0,0,30.0,0,0,0.0,50.0,0.0,0.0,0.0,0.0,0.0,0.0,0.0,0.0,0.0,0.0,0,5,0,0.0,385.0,0.0,0.0,1.0,0.0,0.0,0.0,0.0,3.0,0.0,0.0,1.0,5.0,0.0,0.0,30.0,60.0,0.0,0.0,0.0,0.0,0.0,1.0,94.0,30.0,0.0,0.0,0.0,0.0,0.0,0.0,0.0,1.0,0.0,19.0,70.0,0.0,0.0,0.0,0.0,0.0,219.0,0.0,100.0,515.0,130.0,50.0,0.0,0.0,0.0,0.0,0.0,3.0,1.0,300.0,1.0,0.0,0.0,0.0,1.0,0.0,0.0,10.0,0.0,0.0,0.0,5.0,0.0,0.0,0.0,0.0,0.0,0.0,0.0,0.0,0.0,0.0,0.0,500.0,0.0,0.0,0.0
전문가용 제작 키트,1075.0,744,728,484,546,727,1045,1045,1223,846,476,701,798,1128,1160,1000.0,907.0,653.0,875.0,973.0,1217.0,1525.0,942.0,939.0,593.0,648.0,673.0,808.0,1063.0,961.0,812.0,420.0,603,568.0,777.0,782.0,713.0,725.0,379.0,603.0,749.0,924,918.0,869.0,885.0,463.0,729.0,780.0,970.0,737.0,749.0,716.0,313,614.0,578.0,880.0,829.0,771.0,753.0,356.0,536.0,722.0,1250.0,1361.0,1144.0,595.0,330.0,485.0,562.0,758.0,810.0,812.0,906.0,454.0,464.0,490.0,737.0,642.0,495.0,627.0,392.0,753.0,649.0,570.0,689.0,520.0,492,300.0,451,557,591,463.0,724.0,799,548.0,457.0,446,585.0,523,503,531.0,264.0,482.0,466.0,620.0,581.0,538.0,623.0,216.0,875.0,465.0,476.0,532,323,438,218.0,420.0,343.0,456.0,594.0,517.0,682.0,375.0,708.0,866.0,1067.0,1120.0,994.0,1051.0,560.0,923.0,943.0,1254.0,1447.0,1322.0,1097.0,663.0,1043.0,851.0,1205.0,1306.0,980.0,1231.0,457.0,672.0,907.0,1085.0,1162.0,881.0,951.0,612.0,582.0,768.0,1060.0,1081.0,1071.0,1324.0,395.0,708.0,664.0,744.0,1067.0,890.0,948.0,384.0,604.0,599.0,662.0,1121.0,783.0,871.0,501.0,528.0,696.0,869.0,912.0,1212.0,727.0,424.0,868.0,965.0,879.0,1142.0,1047.0,826.0,771.0,668.0,743.0,998.0,918.0,701.0,863.0,547.0,807.0,893.0,1219.0,1110.0,351.0
점토 수류탄,323.0,0,119,65,0,0,0,70,200,15,33,15,0,0,0,0.0,99.0,0.0,15.0,33.0,0.0,200.0,317.0,10.0,33.0,0.0,0.0,0.0,0.0,71.0,0.0,300.0,45,0.0,0.0,0.0,0.0,0.0,133.0,0.0,959.0,0,0.0,0.0,0.0,0.0,0.0,0.0,0.0,0.0,0.0,15.0,0,300.0,100.0,0.0,0.0,100.0,15.0,0.0,10.0,1000.0,0.0,0.0,0.0,0.0,0.0,5.0,60.0,0.0,0.0,2.0,110.0,0.0,0.0,0.0,0.0,0.0,0.0,0.0,0.0,0.0,11.0,0.0,0.0,0.0,0,0.0,0,0,30,0.0,0.0,150,0.0,0.0,0,0.0,0,0,0.0,0.0,0.0,0.0,5.0,0.0,0.0,50.0,0.0,0.0,0.0,6.0,0,417,0,20.0,100.0,30.0,0.0,1.0,273.0,0.0,0.0,0.0,60.0,15.0,0.0,1.0,0.0,0.0,0.0,0.0,16.0,45.0,0.0,0.0,0.0,0.0,1.0,0.0,0.0,0.0,0.0,0.0,0.0,0.0,0.0,8.0,0.0,1.0,0.0,0.0,0.0,0.0,0.0,425.0,0.0,96.0,75.0,0.0,400.0,200.0,100.0,300.0,0.0,1000.0,1.0,0.0,475.0,1.0,0.0,3.0,0.0,0.0,915.0,0.0,0.0,0.0,0.0,0.0,0.0,0.0,5.0,0.0,0.0,0.0,0.0,6.0,0.0,0.0,0.0,0.0,0.0,0.0,2.0,0.0,0.0,0.0
정령의 회복약,98105.0,58930,48397,112071,102614,84793,99813,88806,55459,35071,109002,105565,78041,80983,69945,36678.0,30473.0,106264.0,100589.0,90235.0,110493.0,91730.0,55371.0,60740.0,315576.0,248786.0,197173.0,214373.0,192305.0,87607.0,64535.0,196269.0,169526,143264.0,161607.0,183590.0,65515.0,49958.0,168597.0,127872.0,100114.0,96593,77784.0,39245.0,43720.0,84521.0,86731.0,58630.0,71318.0,75106.0,35303.0,26894.0,76604,68330.0,58644.0,72630.0,63114.0,48121.0,48039.0,124013.0,127495.0,141772.0,123098.0,129235.0,62626.0,47385.0,72258.0,45906.0,46622.0,84655.0,65104.0,49524.0,48660.0,49186.0,43186.0,48931.0,41063.0,46380.0,54202.0,26043.0,65934.0,65273.0,79524.0,80854.0,87927.0,53474.0,41672,146284.0,138824,161757,200376,136535.0,120831.0,96304,148137.0,89272.0,98425,89121.0,106270,133228,43693.0,125427.0,85649.0,82792.0,93164.0,87173.0,47183.0,40627.0,92806.0,81090.0,79336.0,87581.0,81435,40624,39070,84399.0,65745.0,54688.0,53703.0,32823.0,50291.0,21434.0,24808.0,16993.0,37443.0,29124.0,16565.0,14627.0,35382.0,23780.0,22562.0,39616.0,79182.0,39971.0,57499.0,28798.0,36260.0,22620.0,26409.0,40453.0,37304.0,33491.0,20261.0,51341.0,30886.0,58212.0,90147.0,46826.0,67895.0,24024.0,46987.0,67015.0,77885.0,37010.0,69211.0,73139.0,29803.0,91629.0,42000.0,56898.0,57141.0,66768.0,67263.0,51721.0,166985.0,115850.0,109249.0,126104.0,98951.0,50623.0,49291.0,69524.0,81797.0,45784.0,51844.0,51553.0,46983.0,28567.0,56457.0,56562.0,38850.0,49998.0,64166.0,52515.0,135122.0,59727.0,84434.0,75932.0,87764.0,82054.0,58266.0,39165.0,71308.0,75770.0,63391.0,75076.0,67992.0,7463.0
정제된 수호강석,48883.0,37286,30999,30153,36010,37460,54785,50972,55244,35798,31600,34691,34507,44654,41337,39243.0,41515.0,43169.0,33817.0,37771.0,43366.0,44029.0,38795.0,33462.0,27941.0,33167.0,22410.0,34955.0,41569.0,31033.0,30471.0,22645.0,30916,28559.0,37344.0,45760.0,34312.0,32878.0,29103.0,30739.0,47252.0,37731,31979.0,29765.0,26726.0,34469.0,42422.0,36123.0,39685.0,27997.0,36401.0,32940.0,26424,29334.0,18034.0,31033.0,37395.0,23359.0,22590.0,21274.0,18368.0,20233.0,38478.0,27959.0,18154.0,18342.0,16688.0,12157.0,23874.0,23622.0,35198.0,18444.0,20482.0,25829.0,18318.0,14395.0,23975.0,22076.0,23320.0,19411.0,30465.0,36478.0,21433.0,33635.0,34388.0,27479.0,42410,44152.0,31530,19907,28599,32176.0,43603.0,27483,28166.0,26928.0,31204,23591.0,40479,17608,31909.0,20824.0,17536.0,19639.0,22229.0,24870.0,17275.0,20119.0,16281.0,27622.0,16206.0,18489.0,18700,15725,14241,25184.0,22700.0,12696.0,24117.0,34949.0,20073.0,27903.0,72228.0,118084.0,74314.0,60685.0,49019.0,86524.0,20384.0,24584.0,27920.0,56241.0,70431.0,225896.0,207363.0,31889.0,232536.0,51482.0,47854.0,60934.0,37778.0,236637.0,22466.0,30501.0,102810.0,80684.0,497358.0,380914.0,41364.0,51586.0,50404.0,55505.0,37698.0,15304.0,42240.0,15221.0,86668.0,92490.0,23953.0,98843.0,20935.0,36897.0,40571.0,46259.0,37894.0,29921.0,19897.0,41382.0,12124.0,39387.0,30553.0,18826.0,21340.0,26176.0,17857.0,24574.0,29916.0,51520.0,28988.0,36167.0,37698.0,9863.0,22587.0,8431.0,7869.0,27367.0,18721.0,19481.0,30310.0,52536.0,9823.0,22157.0,19463.0,9239.0,20991.0,30228.0,9142.0,2001.0
정제된 파괴강석,48110.0,22103,21527,40733,39379,31496,31803,42000,66849,28806,32734,41597,37696,26985,26834,26865.0,42034.0,19239.0,25552.0,38975.0,24333.0,26821.0,20239.0,16719.0,27916.0,18779.0,27233.0,37096.0,22111.0,17541.0,18250.0,14879.0,19988,28794.0,28598.0,25388.0,18801.0,26194.0,36487.0,37536.0,20304.0,16411,20503.0,20739.0,14289.0,14811.0,10897.0,17559.0,15122.0,17295.0,13538.0,11258.0,10882,20471.0,19450.0,32171.0,25502.0,22306.0,14378.0,11170.0,14367.0,22527.0,15668.0,22286.0,15835.0,9463.0,15212.0,20011.0,18393.0,10936.0,8718.0,16076.0,9891.0,11008.0,10715.0,8250.0,14539.0,10044.0,6445.0,12555.0,11437.0,11313.0,13668.0,14634.0,14051.0,9888.0,9070,12309.0,10385,20558,12676,12740.0,13025.0,8929,6186.0,6481.0,11452,11819.0,15370,9520,10346.0,10859.0,9910.0,9021.0,16643.0,10944.0,5643.0,6404.0,11986.0,17265.0,13777.0,14161.0,15601,18569,15567,10581.0,6500.0,7410.0,17410.0,36103.0,17254.0,32093.0,77460.0,133526.0,79591.0,76022.0,57052.0,36605.0,29690.0,15075.0,31637.0,22195.0,31755.0,17651.0,44733.0,18354.0,111308.0,82519.0,72760.0,77969.0,74716.0,15874.0,9651.0,13319.0,14442.0,14169.0,18495.0,14596.0,16687.0,6727.0,5233.0,14873.0,17423.0,12045.0,12787.0,8042.0,10154.0,7171.0,5640.0,5398.0,9810.0,14138.0,12996.0,5276.0,16628.0,6892.0,7639.0,8577.0,18701.0,7088.0,8085.0,4572.0,7103.0,7228.0,10592.0,12204.0,4611.0,9160.0,6896.0,8515.0,4223.0,7713.0,3984.0,2556.0,3245.0,3392.0,3008.0,3794.0,1859.0,12477.0,1850.0,12651.0,2472.0,3516.0,3134.0,10290.0,3829.0,1934.0
진군의 깃발,12.0,60,90,8,29,1150,0,175,0,0,11,40,59,126,0,0.0,211.0,100.0,15.0,0.0,50.0,1.0,0.0,247.0,180.0,20.0,0.0,20.0,46.0,3.0,0.0,20.0,0,0.0,20.0,163.0,0.0,0.0,118.0,0.0,113.0,0,55.0,0.0,28.0,1.0,41.0,150.0,0.0,11.0,6.0,0.0,1,197.0,0.0,0.0,10.0,0.0,12.0,23.0,10.0,0.0,3.0,5.0,0.0,0.0,0.0,25.0,5.0,200.0,0.0,145.0,0.0,45.0,10.0,0.0,22.0,0.0,2.0,0.0,10.0,0.0,5.0,34.0,5.0,36.0,0,200.0,150,60,44,160.0,0.0,0,0.0,0.0,0,84.0,10,10,3.0,191.0,16.0,10.0,0.0,0.0,0.0,0.0,0.0,0.0,10.0,100.0,0,0,88,128.0,110.0,0.0,96.0,511.0,0.0,10.0,15.0,20.0,10.0,10.0,5.0,1.0,0.0,0.0,0.0,0.0,13.0,20.0,0.0,0.0,7.0,0.0,1.0,100.0,0.0,10.0,0.0,0.0,113.0,0.0,0.0,0.0,20.0,0.0,0.0,0.0,3.0,0.0,0.0,121.0,0.0,0.0,50.0,0.0,62.0,10.0,4.0,0.0,0.0,0.0,200.0,105.0,121.0,1.0,0.0,20.0,0.0,0.0,0.0,20.0,0.0,0.0,3.0,22.0,10.0,0.0,120.0,0.0,0.0,0.0,0.0,10.0,0.0,0.0,0.0,0.0,123.0,0.0,160.0,2.0,22.0,
진귀한 가죽,2598.0,1571,2006,967,2224,1921,3146,2132,8153,1481,1237,2212,4108,4236,4140,3374.0,3123.0,3598.0,2840.0,4366.0,2221.0,4051.0,4156.0,7064.0,3789.0,3232.0,2035.0,2712.0,2937.0,2014.0,4343.0,1078.0,3449,2906.0,2385.0,2959.0,1889.0,4397.0,1059.0,2181.0,2285.0,4358,4373.0,1665.0,2469.0,2064.0,1644.0,1453.0,2958.0,1936.0,2637.0,3717.0,2196,3519.0,1054.0,1608.0,2066.0,3910.0,2206.0,1700.0,3280.0,1865.0,1595.0,3955.0,2853.0,2679.0,2867.0,2417.0,4276.0,4096.0,2001.0,3465.0,3018.0,1273.0,2800.0,1659.0,1632.0,1387.0,1723.0,750.0,1301.0,983.0,1436.0,1629.0,4383.0,2628.0,2114,1467.0,2828,1732,2339,1981.0,3000.0,2418,2815.0,2230.0,1805,2900.0,2872,1729,4357.0,2461.0,2705.0,1596.0,1413.0,20493.0,1097.0,2736.0,2766.0,3114.0,1433.0,2483.0,2827,975,1208,2110.0,2100.0,2811.0,8296.0,2747.0,2173.0,1940.0,2440.0,3265.0,1445.0,3010.0,2483.0,1452.0,1897.0,1666.0,1441.0,2969.0,3264.0,2872.0,2784.0,3381.0,1497.0,1712.0,5778.0,4145.0,2335.0,1538.0,8589.0,2153.0,1318.0,3335.0,2295.0,2252.0,1220.0,2821.0,2160.0,1023.0,1292.0,4093.0,4169.0,1737.0,1760.0,1987.0,1430.0,6435.0,2802.0,2962.0,2303.0,1629.0,3492.0,1994.0,1311.0,1873.0,4333.0,7077.0,3496.0,1830.0,1264.0,1871.0,2604.0,2948.0,2790.0,1786.0,2773.0,1373.0,1775.0,3662.0,7375.0,2416.0,2657.0,2261.0,2481.0,1688.0,3994.0,3955.0,2212.0,2653.0,3349.0,2323.0,5146.0,3457.0,3134.0,500.0
진귀한 유물,27359.0,20228,21596,13605,29602,20018,35836,31981,289453,25734,14851,17985,24609,31842,27004,21736.0,31389.0,22350.0,43943.0,33404.0,29843.0,38863.0,27535.0,55466.0,16001.0,20737.0,35924.0,36868.0,26381.0,94167.0,33158.0,13662.0,31853,88929.0,22589.0,30191.0,21842.0,42789.0,17302.0,19421.0,26211.0,35802,26677.0,24294.0,18446.0,18245.0,16765.0,17935.0,23279.0,25857.0,21683.0,22950.0,10713,19967.0,16925.0,24276.0,19592.0,18927.0,25342.0,13572.0,15079.0,28609.0,41543.0,20962.0,28921.0,21210.0,18462.0,27828.0,22186.0,26751.0,32319.0,23422.0,27942.0,15689.0,17582.0,13949.0,17170.0,19667.0,37086.0,16786.0,22347.0,15274.0,27019.0,18600.0,24117.0,11712.0,17412,8724.0,22312,15294,34074,19268.0,21037.0,23769,19880.0,25940.0,37076,18901.0,19827,16588,23258.0,37231.0,18585.0,18854.0,31880.0,59845.0,77010.0,30369.0,29231.0,30123.0,22230.0,15849.0,28501,15973,27035,8697.0,17770.0,19077.0,23030.0,21410.0,77945.0,20997.0,19943.0,30703.0,40102.0,57120.0,29857.0,29200.0,16532.0,21569.0,21570.0,22399.0,25263.0,25825.0,15893.0,21960.0,21249.0,53305.0,17916.0,29241.0,24076.0,31032.0,27890.0,18388.0,22963.0,17329.0,33416.0,18487.0,21529.0,19301.0,9276.0,15302.0,27682.0,20680.0,23328.0,21149.0,26519.0,18427.0,19311.0,28460.0,20452.0,27109.0,24554.0,25093.0,20542.0,18163.0,25129.0,42189.0,31356.0,29845.0,26623.0,16519.0,26086.0,32028.0,33070.0,27153.0,34040.0,19001.0,18906.0,35316.0,32010.0,47384.0,36032.0,25965.0,27995.0,21885.0,14232.0,19259.0,27008.0,34892.0,23799.0,25469.0,29678.0,19965.0,41508.0,29964.0,24913.0,6185.0
찬란한 명예의 돌파석,112276.0,92181,83068,65833,90515,73887,96358,122176,110019,93205,72558,81921,74288,99001,118187,88858.0,87922.0,66525.0,56668.0,62648.0,81209.0,85868.0,55995.0,66125.0,53000.0,57581.0,55317.0,77617.0,128763.0,53482.0,50368.0,50022.0,44858,45036.0,54627.0,81104.0,63586.0,41471.0,43430.0,44651.0,62482.0,60414,55936.0,49594.0,48243.0,39407.0,36877.0,51191.0,51692.0,63663.0,52905.0,43215.0,40855,44992.0,39731.0,52454.0,52355.0,40316.0,38996.0,28633.0,35944.0,41744.0,54798.0,57457.0,34378.0,42318.0,32688.0,25474.0,47134.0,46911.0,40419.0,44573.0,45099.0,38741.0,29863.0,35358.0,42663.0,50404.0,32573.0,27718.0,54019.0,40423.0,43352.0,51774.0,61985.0,39917.0,48133,47339.0,48775,34765,35985,61668.0,50571.0,46161,29699.0,38257.0,31835,37517.0,53547,45532,33908.0,42888.0,25647.0,37245.0,40407.0,44816.0,42471.0,32855.0,47950.0,41648.0,46492.0,49380.0,51635,42320,30557,33701.0,34845.0,37884.0,53332.0,79162.0,66797.0,64172.0,32796.0,40617.0,55034.0,23731.0,25603.0,29890.0,18792.0,23607.0,24928.0,19244.0,43369.0,19568.0,12548.0,14527.0,39866.0,23685.0,23291.0,30234.0,26376.0,4583.0,11450.0,12039.0,9645.0,3549.0,9597.0,17616.0,12382.0,16967.0,6670.0,4326.0,2263.0,15370.0,13786.0,8439.0,5267.0,1669.0,4744.0,1467.0,521.0,1591.0,5091.0,35427.0,634.0,2604.0,4293.0,7379.0,6123.0,17157.0,7027.0,18374.0,3005.0,1671.0,7853.0,3596.0,6334.0,2932.0,750.0,4751.0,1053.0,5117.0,7550.0,596.0,1810.0,2387.0,2883.0,4984.0,4951.0,926.0,2318.0,493.0,32631.0,26.0,1437.0,3329.0,4814.0,17.0
천둥 물약,,0,0,0,0,0,0,0,0,1,9,0,0,0,0,0.0,20.0,0.0,4.0,0.0,0.0,110.0,0.0,0.0,0.0,0.0,0.0,0.0,0.0,0.0,0.0,0.0,0,0.0,0.0,0.0,0.0,14.0,996.0,2.0,0.0,0,0.0,0.0,0.0,0.0,153.0,0.0,0.0,0.0,0.0,0.0,0,0.0,1.0,0.0,9.0,0.0,0.0,0.0,5.0,0.0,0.0,0.0,0.0,0.0,0.0,0.0,0.0,0.0,0.0,0.0,0.0,0.0,0.0,9.0,20.0,0.0,0.0,0.0,0.0,3.0,0.0,0.0,0.0,0.0,0,0.0,0,0,0,0.0,0.0,0,0.0,0.0,1,0.0,0,0,0.0,0.0,0.0,0.0,0.0,0.0,0.0,0.0,0.0,0.0,0.0,0.0,0,0,0,0.0,0.0,0.0,0.0,1.0,0.0,0.0,0.0,0.0,0.0,0.0,0.0,1.0,0.0,0.0,0.0,0.0,0.0,0.0,0.0,150.0,311.0,90.0,5.0,4.0,15.0,792.0,0.0,0.0,75.0,0.0,0.0,29.0,0.0,40.0,0.0,0.0,49.0,0.0,0.0,0.0,0.0,1.0,0.0,0.0,0.0,3.0,3.0,7.0,0.0,0.0,0.0,1.0,1.0,1.0,0.0,7.0,60.0,0.0,0.0,0.0,0.0,0.0,118.0,3.0,0.0,0.0,0.0,0.0,0.0,0.0,0.0,0.0,0.0,0.0,0.0,0.0,0.0,0.0,3.0,0.0,0.0,0.0
철광석,26858.0,20538,20424,15995,19084,18822,19827,19429,18796,16820,17013,15960,19297,21481,26382,19639.0,21125.0,19420.0,21228.0,20782.0,24710.0,27411.0,26068.0,26085.0,23535.0,20917.0,22500.0,24958.0,27100.0,24340.0,23495.0,18390.0,18057,17111.0,20504.0,25811.0,17407.0,16881.0,13619.0,16754.0,15155.0,19934,23119.0,18493.0,18133.0,15072.0,17763.0,19363.0,19003.0,21459.0,21215.0,18687.0,18575,15349.0,16055.0,24130.0,21347.0,24336.0,15020.0,13026.0,16762.0,18807.0,19905.0,19279.0,18732.0,15351.0,12645.0,18016.0,16954.0,18491.0,17955.0,18081.0,21072.0,17177.0,15898.0,15460.0,15684.0,15319.0,13496.0,14175.0,14887.0,14699.0,14784.0,13270.0,19249.0,12517.0,12599,17028.0,17763,23400,23321,24869.0,24524.0,24021,18127.0,16294.0,17718,17657.0,19166,17826,15628.0,19400.0,18457.0,18965.0,20848.0,24510.0,17712.0,16222.0,16130.0,15003.0,16137.0,15600.0,15944,15925,13920,13752.0,10807.0,10894.0,14102.0,18456.0,16356.0,13179.0,14767.0,20350.0,22444.0,24489.0,21716.0,18163.0,18707.0,19443.0,19638.0,15421.0,19334.0,20328.0,20323.0,18820.0,18384.0,19369.0,19702.0,19032.0,25200.0,15890.0,16940.0,15486.0,17719.0,23867.0,16771.0,18300.0,16214.0,16935.0,15585.0,21813.0,16835.0,20868.0,27967.0,24383.0,20878.0,17954.0,17734.0,12982.0,19338.0,22687.0,21228.0,22616.0,20258.0,15306.0,16023.0,18869.0,27680.0,23679.0,18758.0,17726.0,17215.0,17674.0,18074.0,23711.0,14982.0,14682.0,16242.0,13767.0,15462.0,19746.0,23788.0,17427.0,15157.0,18687.0,20541.0,16012.0,21312.0,15496.0,13424.0,16350.0,18014.0,13469.0,14415.0,15236.0,19987.0,4769.0
초보자용 제작 키트,1.0,0,0,0,0,8,3,0,2,0,0,0,0,1,1,0.0,2.0,0.0,6.0,2.0,0.0,5.0,1.0,0.0,1.0,0.0,0.0,0.0,2.0,0.0,4.0,3.0,5,1.0,4.0,0.0,2.0,0.0,2.0,2.0,0.0,0,1.0,0.0,1.0,0.0,0.0,0.0,0.0,1.0,1.0,0.0,0,0.0,0.0,0.0,0.0,0.0,0.0,0.0,1.0,0.0,2.0,0.0,0.0,0.0,0.0,0.0,0.0,0.0,0.0,0.0,0.0,0.0,0.0,0.0,0.0,0.0,0.0,0.0,1.0,0.0,0.0,0.0,0.0,1.0,1,1.0,0,1,1,1.0,0.0,0,0.0,0.0,0,1.0,1,0,0.0,0.0,0.0,0.0,0.0,0.0,0.0,0.0,2.0,0.0,3.0,0.0,0,0,0,0.0,0.0,0.0,0.0,1.0,0.0,0.0,0.0,2.0,0.0,0.0,0.0,0.0,0.0,0.0,0.0,1.0,2.0,0.0,2.0,0.0,0.0,0.0,0.0,5.0,0.0,0.0,0.0,0.0,0.0,1.0,0.0,1.0,1.0,0.0,0.0,0.0,0.0,1.0,0.0,0.0,2.0,2.0,0.0,1.0,0.0,0.0,0.0,0.0,0.0,0.0,0.0,0.0,0.0,0.0,1.0,1.0,0.0,7.0,0.0,1.0,3.0,0.0,0.0,13.0,0.0,0.0,2.0,10.0,0.0,4.0,0.0,0.0,0.0,0.0,0.0,0.0,0.0,0.0,2.0,0.0,0.0,0.0
최상급 오레하 융화 재료,102700.0,78380,73165,49743,60765,60841,95529,100356,101232,74343,56408,63087,70881,78477,87512,73847.0,74774.0,45039.0,42378.0,60455.0,101204.0,89958.0,54847.0,64993.0,51406.0,49440.0,46470.0,64793.0,87594.0,64083.0,68369.0,43538.0,42383,42367.0,59292.0,77396.0,69043.0,56171.0,36556.0,38200.0,44118.0,59695,72050.0,55237.0,61787.0,46764.0,39449.0,43459.0,59401.0,61676.0,70839.0,53476.0,36204,43755.0,31729.0,56118.0,71076.0,46218.0,49785.0,25364.0,35078.0,41622.0,45247.0,57977.0,37492.0,40908.0,32820.0,24764.0,44182.0,47524.0,56355.0,43903.0,49165.0,28014.0,25452.0,26764.0,42695.0,54820.0,42197.0,38361.0,51436.0,47754.0,47760.0,53517.0,65851.0,46964.0,44068,66371.0,63095,50142,53609,80277.0,76961.0,71005,42927.0,37254.0,33580,54815.0,64426,50821,51914.0,43805.0,34644.0,34273.0,40406.0,42941.0,49457.0,35727.0,24161.0,33413.0,28032.0,44117.0,40254,36442,22167,34883.0,22638.0,30959.0,45004.0,56694.0,62288.0,57062.0,9317.0,163164.0,81304.0,32523.0,6340.0,4854.0,34319.0,6616.0,8900.0,11092.0,12769.0,18060.0,12976.0,3301.0,14895.0,9616.0,5543.0,4114.0,4125.0,10064.0,3487.0,11263.0,6670.0,4412.0,1266.0,3874.0,1619.0,3520.0,2051.0,10175.0,6342.0,3210.0,17311.0,2544.0,1245.0,13407.0,11740.0,348.0,765.0,569.0,778.0,1401.0,1904.0,6975.0,4716.0,2855.0,3364.0,5846.0,4704.0,11498.0,177.0,3704.0,8298.0,1390.0,6218.0,6915.0,1567.0,163.0,535.0,3581.0,316.0,43.0,2151.0,2928.0,993.0,707.0,2046.0,424.0,714.0,454.0,9947.0,640.0,1480.0,156.0,609.0,1210.0
태양의 가호,2317.0,1118,1879,2894,2756,1856,1972,1524,594,222,2016,1959,854,1007,1745,343.0,1180.0,420.0,1082.0,575.0,1611.0,1322.0,440.0,1077.0,674.0,607.0,943.0,455.0,2124.0,648.0,218.0,2631.0,595,1927.0,808.0,234.0,739.0,1329.0,495.0,15.0,1418.0,760,1932.0,328.0,977.0,1265.0,490.0,538.0,507.0,387.0,81.0,761.0,230,454.0,296.0,369.0,896.0,530.0,686.0,265.0,431.0,614.0,372.0,449.0,224.0,687.0,492.0,627.0,24.0,1139.0,780.0,160.0,358.0,7.0,27.0,1953.0,120.0,710.0,10.0,114.0,421.0,446.0,337.0,199.0,915.0,308.0,220,306.0,256,136,291,553.0,128.0,0,511.0,501.0,210,166.0,1142,14,1063.0,0.0,55.0,1290.0,175.0,386.0,178.0,507.0,162.0,87.0,53.0,750.0,199,447,176,500.0,480.0,4177.0,779.0,1641.0,520.0,1173.0,206.0,1639.0,804.0,2002.0,812.0,42.0,1242.0,525.0,706.0,181.0,2813.0,322.0,724.0,275.0,477.0,197.0,784.0,428.0,1158.0,208.0,1400.0,606.0,15.0,502.0,152.0,137.0,783.0,1636.0,0.0,8.0,489.0,1.0,290.0,119.0,617.0,100.0,106.0,360.0,211.0,542.0,121.0,180.0,55.0,100.0,119.0,97.0,59.0,66.0,2.0,0.0,0.0,8.0,61.0,97.0,390.0,350.0,423.0,67.0,5.0,574.0,0.0,0.0,7.0,64.0,0.0,51.0,437.0,6.0,223.0,138.0,420.0,0.0,137.0,2.0,0.0,0.0
태양의 은총,20435.0,13527,3562,15385,12523,7751,8058,5364,12715,14546,8490,9147,8765,5298,6892,2633.0,10812.0,2566.0,10829.0,2563.0,3428.0,7945.0,13799.0,6492.0,6474.0,2137.0,15999.0,1470.0,5191.0,7121.0,17020.0,6348.0,3384,40821.0,9914.0,9519.0,6626.0,6960.0,13815.0,1511.0,5762.0,2928,11762.0,5882.0,6913.0,12760.0,3806.0,4577.0,12475.0,2604.0,433.0,2433.0,7972,19091.0,6216.0,3010.0,10941.0,1663.0,2438.0,3116.0,2585.0,3343.0,1462.0,3376.0,3968.0,3128.0,19383.0,2227.0,8599.0,8175.0,2902.0,919.0,1593.0,5238.0,801.0,5151.0,400.0,5843.0,2674.0,1377.0,944.0,2226.0,4648.0,1102.0,6310.0,1955.0,4042,1709.0,1156,1645,1407,2974.0,2015.0,1435,1282.0,4273.0,1209,8491.0,6117,2842,7352.0,894.0,3351.0,2299.0,393.0,2276.0,829.0,1681.0,29592.0,27532.0,1330.0,9753.0,16434,3811,1332,8961.0,5058.0,13675.0,3517.0,15700.0,5487.0,7877.0,1326.0,19059.0,7485.0,9943.0,14477.0,19913.0,4076.0,2284.0,1944.0,1118.0,5377.0,4439.0,1794.0,647.0,2814.0,5943.0,12408.0,7291.0,1077.0,246.0,6223.0,0.0,9947.0,196.0,674.0,9121.0,4503.0,9572.0,201.0,1196.0,219.0,29.0,3327.0,3778.0,0.0,362.0,3772.0,4872.0,1108.0,241.0,333.0,886.0,241.0,300.0,300.0,1409.0,1765.0,0.0,1123.0,66.0,1683.0,122.0,10205.0,259.0,677.0,807.0,2325.0,589.0,0.0,5737.0,5671.0,0.0,1484.0,66.0,12954.0,1312.0,300.0,3438.0,47.0,1885.0,2.0,2.0,0.0,3164.0,0.0,0.0
태양의 축복,13180.0,2049,1649,7217,5300,3038,3999,2579,2489,1413,5155,4582,1581,2881,3755,959.0,4345.0,932.0,2026.0,1402.0,2988.0,3095.0,2504.0,2720.0,1449.0,1378.0,7085.0,1391.0,2538.0,1512.0,216.0,3394.0,1488,4651.0,2250.0,2411.0,2150.0,2204.0,1932.0,298.0,1889.0,443,5063.0,1508.0,3026.0,5956.0,2257.0,1199.0,1112.0,514.0,802.0,1114.0,874,3005.0,1173.0,2350.0,2594.0,1693.0,431.0,1351.0,2632.0,3851.0,884.0,1788.0,551.0,1237.0,4020.0,1893.0,1394.0,2361.0,3129.0,357.0,1351.0,288.0,648.0,3099.0,333.0,8521.0,509.0,273.0,610.0,1317.0,1163.0,820.0,2239.0,901.0,1919,675.0,1018,1297,723,2501.0,1231.0,347,1116.0,1835.0,541,1789.0,937,740,3148.0,203.0,954.0,1192.0,270.0,990.0,245.0,593.0,840.0,16803.0,351.0,2407.0,1046,1775,381,3155.0,998.0,1071.0,1018.0,1957.0,1667.0,6373.0,853.0,3098.0,1578.0,3131.0,5193.0,1140.0,2876.0,572.0,1454.0,904.0,2434.0,421.0,1265.0,513.0,304.0,333.0,404.0,1072.0,1464.0,600.0,3057.0,26.0,256.0,811.0,444.0,760.0,1617.0,2293.0,33.0,768.0,1114.0,540.0,689.0,151.0,0.0,381.0,135.0,184.0,419.0,574.0,273.0,1609.0,99.0,200.0,14.0,520.0,514.0,278.0,1.0,22.0,149.0,56.0,468.0,126.0,701.0,873.0,517.0,0.0,0.0,1498.0,0.0,0.0,0.0,63.0,3.0,200.0,512.0,11.0,783.0,152.0,772.0,1.0,36.0,189.0,0.0,0.0
튼튼한 목재,110475.0,83772,82404,60197,74135,72492,91415,100023,108326,81985,60736,73383,84607,94516,104249,93129.0,95266.0,62132.0,75788.0,76283.0,85794.0,99812.0,78822.0,84556.0,63992.0,65516.0,65923.0,70398.0,82348.0,67483.0,70083.0,50684.0,52307,55152.0,65573.0,78356.0,60257.0,67746.0,49673.0,53020.0,52609.0,64590,79570.0,65990.0,74246.0,55797.0,64100.0,67599.0,79885.0,91967.0,72946.0,74061.0,54723,60772.0,69346.0,95480.0,97855.0,82440.0,82018.0,68444.0,65423.0,65235.0,76084.0,80366.0,69524.0,72187.0,47963.0,56704.0,68219.0,72907.0,92825.0,83001.0,102108.0,56630.0,55835.0,51607.0,64865.0,75327.0,56038.0,64114.0,52843.0,54036.0,49565.0,62739.0,67069.0,54797.0,58069,43802.0,48168,48391,55654,55526.0,58610.0,50460,41296.0,48413.0,47513,59168.0,67930,48159,58740.0,51825.0,51236.0,47717.0,55848.0,62856.0,49188.0,48204.0,42804.0,41030.0,39536.0,42091.0,48086,40312,45126,33537.0,35166.0,38086.0,63101.0,69440.0,58253.0,66352.0,68915.0,82414.0,85250.0,92367.0,94689.0,80394.0,90544.0,67432.0,79933.0,78177.0,99542.0,108739.0,92407.0,99361.0,93636.0,93361.0,84578.0,94658.0,110518.0,86623.0,90658.0,60574.0,66584.0,90033.0,90686.0,102647.0,82124.0,81935.0,58848.0,68407.0,72209.0,87105.0,98790.0,78556.0,82315.0,66180.0,80035.0,75505.0,90576.0,105101.0,85908.0,109581.0,85545.0,74294.0,76602.0,83686.0,97682.0,78698.0,90787.0,72900.0,68636.0,74873.0,87374.0,104913.0,111015.0,89967.0,71389.0,82924.0,77942.0,97720.0,97510.0,80135.0,88950.0,63602.0,78406.0,73189.0,84774.0,92786.0,75150.0,76385.0,63686.0,78669.0,78121.0,88266.0,109611.0,21197.0
파괴 폭탄,352.0,200,290,892,150,1,1161,260,100,239,4157,930,285,436,290,1094.0,0.0,582.0,615.0,180.0,74.0,3065.0,788.0,481.0,991.0,2460.0,2175.0,611.0,576.0,488.0,719.0,449.0,549,925.0,233.0,172.0,45.0,258.0,1659.0,299.0,1223.0,2255,358.0,180.0,252.0,1255.0,347.0,285.0,1022.0,746.0,151.0,300.0,271,478.0,415.0,586.0,802.0,2296.0,668.0,852.0,310.0,74.0,245.0,514.0,220.0,473.0,196.0,325.0,826.0,1923.0,420.0,2879.0,0.0,406.0,356.0,1549.0,493.0,406.0,3240.0,510.0,405.0,1790.0,145.0,414.0,1850.0,321.0,19,289.0,1285,610,450,1669.0,1033.0,966,1151.0,1014.0,180,425.0,1436,210,148.0,1129.0,591.0,398.0,328.0,191.0,456.0,2931.0,767.0,501.0,216.0,1366.0,410,219,512,812.0,1630.0,366.0,237.0,236.0,221.0,1460.0,365.0,974.0,120.0,525.0,286.0,719.0,2297.0,237.0,696.0,845.0,660.0,283.0,1237.0,210.0,189.0,1231.0,237.0,650.0,400.0,34.0,172.0,399.0,4316.0,1382.0,811.0,331.0,2734.0,357.0,692.0,4900.0,232.0,1574.0,184.0,129.0,648.0,1182.0,1246.0,360.0,626.0,2081.0,6620.0,530.0,370.0,367.0,389.0,1726.0,540.0,83.0,657.0,130.0,588.0,5817.0,59.0,17.0,589.0,500.0,163.0,504.0,5697.0,641.0,59.0,1922.0,100.0,503.0,923.0,516.0,561.0,366.0,137.0,84.0,255.0,365.0,1005.0,126.0,340.0,0.0
화사한 들꽃,6696.0,6846,3424,4343,3263,3981,4193,5905,6774,2693,4535,7644,8153,9697,5186,4753.0,6889.0,3943.0,4934.0,5253.0,7144.0,8171.0,5762.0,4677.0,6016.0,4427.0,4980.0,6954.0,9458.0,4298.0,5673.0,4316.0,5528,5267.0,4114.0,6626.0,4574.0,5677.0,3596.0,3771.0,4507.0,6031,10256.0,8127.0,4916.0,2948.0,5098.0,3746.0,4241.0,6109.0,6097.0,4827.0,2099,2608.0,3681.0,4272.0,8082.0,4890.0,3288.0,3548.0,4384.0,5831.0,5165.0,5197.0,4506.0,4134.0,2595.0,3560.0,3681.0,5435.0,5172.0,4638.0,5367.0,2939.0,2996.0,3392.0,2705.0,3336.0,3885.0,4201.0,1367.0,3579.0,3728.0,2657.0,5044.0,3375.0,3040,3202.0,2546,5367,3404,2493.0,4746.0,5028,5103.0,1357.0,4097,4520.0,5043,4799,2410.0,4260.0,3668.0,3563.0,4430.0,4297.0,2913.0,3610.0,2889.0,2677.0,3560.0,2949.0,3208,2483,2266,2702.0,2745.0,1550.0,2432.0,4015.0,5016.0,4613.0,4623.0,3318.0,2018.0,5170.0,4766.0,2764.0,5157.0,3345.0,3401.0,3524.0,3899.0,4553.0,3861.0,3881.0,4306.0,3553.0,2646.0,3036.0,5392.0,3962.0,3018.0,2990.0,2785.0,5547.0,3906.0,3839.0,3004.0,4325.0,2855.0,3203.0,2792.0,3283.0,4561.0,4141.0,3104.0,3226.0,2669.0,4100.0,2626.0,4513.0,3124.0,4702.0,2378.0,2102.0,2243.0,3580.0,3045.0,4810.0,4017.0,2767.0,3445.0,2048.0,3347.0,3594.0,4050.0,3502.0,2753.0,2762.0,5352.0,2955.0,4057.0,2808.0,3481.0,2616.0,4209.0,3062.0,3216.0,3331.0,3013.0,2766.0,1731.0,2210.0,2735.0,3390.0,3796.0,963.0
화염 수류탄,0.0,40,0,328,1,60,5,55,0,0,0,0,111,0,28,30.0,51.0,100.0,0.0,0.0,0.0,32.0,0.0,59.0,0.0,0.0,0.0,0.0,562.0,228.0,0.0,10.0,0,0.0,0.0,0.0,15.0,106.0,1.0,0.0,700.0,9,13.0,52.0,100.0,178.0,0.0,0.0,10.0,24.0,1.0,49.0,130,0.0,0.0,66.0,0.0,129.0,0.0,0.0,7.0,0.0,0.0,0.0,100.0,20.0,100.0,0.0,0.0,0.0,21.0,0.0,0.0,100.0,0.0,10.0,30.0,0.0,137.0,7.0,310.0,0.0,35.0,0.0,0.0,0.0,0,0.0,216,0,0,808.0,0.0,20,42.0,376.0,0,1.0,15,0,0.0,0.0,0.0,18.0,0.0,14.0,3.0,0.0,0.0,46.0,1.0,0.0,5,0,0,92.0,35.0,0.0,317.0,32.0,0.0,0.0,0.0,0.0,315.0,15.0,4.0,899.0,20.0,0.0,0.0,1.0,0.0,0.0,56.0,0.0,0.0,0.0,1.0,77.0,0.0,0.0,0.0,0.0,0.0,0.0,18.0,4.0,10.0,20.0,19.0,500.0,0.0,6.0,15.0,0.0,0.0,1170.0,155.0,829.0,1554.0,350.0,210.0,120.0,197473.0,382613.0,462277.0,524632.0,459925.0,195511.0,124922.0,160238.0,143723.0,147892.0,204227.0,180005.0,140236.0,66663.0,90934.0,100228.0,125251.0,180266.0,136886.0,62591.0,52283.0,59063.0,63090.0,63983.0,86874.0,84021.0,34730.0,23043.0,41489.0,43929.0,46625.0,59564.0,57824.0,5200.0
회복약,302.0,185,153,280,256,136,114,280,562,21,295,1240,2170,612,101,31.0,184.0,311.0,1030.0,635.0,278.0,2618.0,1201.0,44.0,731.0,246.0,496.0,1033.0,1051.0,437.0,109.0,368.0,1412,636.0,542.0,1409.0,473.0,826.0,1122.0,1216.0,211.0,349,88.0,2441.0,311.0,1255.0,148.0,72.0,74.0,432.0,258.0,2.0,222,285.0,61.0,816.0,271.0,109.0,300.0,404.0,272.0,200.0,0.0,2093.0,1223.0,272.0,152.0,990.0,813.0,103.0,2876.0,100.0,205.0,138.0,111.0,1301.0,111.0,141.0,13.0,24.0,644.0,52.0,481.0,72.0,161.0,526.0,10,100.0,382,200,546,212.0,201.0,257,1214.0,1302.0,10,337.0,597,50,346.0,1550.0,509.0,386.0,559.0,289.0,85.0,90.0,170.0,754.0,300.0,340.0,438,605,611,117.0,209.0,852.0,340.0,518.0,805.0,121.0,271.0,438.0,109.0,28.0,393.0,170.0,1150.0,108.0,58.0,69.0,100.0,248.0,400.0,145.0,1.0,368.0,1.0,240.0,151.0,207.0,310.0,251.0,121.0,1400.0,462.0,1120.0,251.0,490.0,645.0,400.0,155.0,924.0,1090.0,0.0,100.0,59.0,315.0,30.0,20.0,0.0,113.0,786.0,404.0,106.0,357.0,362.0,150.0,100.0,33.0,50.0,223.0,584.0,207.0,192.0,282.0,0.0,164.0,1003.0,400.0,308.0,314.0,197.0,170.0,30.0,452.0,68.0,440.0,572.0,203.0,692.0,811.0,102.0,1.0,201.0,1.0,100.0
회오리 수류탄,27527.0,13750,15211,27660,46465,30717,53120,35329,23304,35078,31104,31192,33899,39694,35096,15057.0,12542.0,33931.0,38907.0,41866.0,55133.0,35118.0,22319.0,20536.0,24562.0,28627.0,31602.0,33030.0,34446.0,13971.0,16030.0,29127.0,33525,27737.0,29451.0,33459.0,14441.0,13380.0,28138.0,24745.0,33364.0,34555,28580.0,16839.0,13519.0,26186.0,28632.0,26938.0,30906.0,28030.0,15079.0,16784.0,40039,20056.0,18508.0,23380.0,107958.0,33889.0,12189.0,18117.0,27909.0,17588.0,23348.0,18302.0,12559.0,8406.0,17298.0,18748.0,28220.0,34787.0,16765.0,9237.0,14131.0,13634.0,16979.0,15809.0,18817.0,19660.0,10989.0,23598.0,13116.0,13498.0,16670.0,15646.0,13571.0,10472.0,9538,11889.0,10020,11784,73109,83853.0,9663.0,5353,13202.0,13468.0,12724,11754.0,12478,7435,17136.0,16906.0,9582.0,9617.0,11665.0,10538.0,6888.0,4803.0,13193.0,9663.0,8839.0,11696.0,10215,4501,5090,10162.0,10875.0,10709.0,10982.0,10036.0,6650.0,8183.0,4319.0,24025.0,10979.0,8489.0,9911.0,3287.0,3623.0,6062.0,7526.0,7200.0,7995.0,7584.0,5154.0,3751.0,5467.0,5829.0,7580.0,6439.0,7856.0,2491.0,3661.0,4994.0,7687.0,8215.0,11466.0,9727.0,5870.0,9602.0,61300.0,197758.0,17451.0,13473.0,7826.0,6963.0,3395.0,36919.0,17549.0,13224.0,20790.0,21036.0,10603.0,13337.0,59767.0,55303.0,99347.0,207317.0,113546.0,50316.0,34435.0,38546.0,47541.0,52788.0,70794.0,67634.0,45219.0,20706.0,31270.0,33635.0,40292.0,61622.0,52624.0,27013.0,17565.0,25536.0,28222.0,28183.0,37208.0,31269.0,16388.0,10639.0,20960.0,16798.0,21879.0,28040.0,21659.0,2192.0
희귀한 유물,80926.0,56380,53784,59211,72109,61188,59639,62987,71804,58728,48920,58822,64134,80343,67709,68589.0,85020.0,52536.0,71322.0,60119.0,70509.0,75502.0,65203.0,62539.0,58885.0,61533.0,63097.0,62864.0,68905.0,58463.0,55399.0,39973.0,52218,46106.0,57552.0,56724.0,46684.0,59032.0,43252.0,60447.0,45106.0,46989,59406.0,50274.0,58092.0,39868.0,58148.0,55033.0,62054.0,62315.0,61236.0,60016.0,42179,48640.0,62001.0,58998.0,66633.0,63252.0,67766.0,50085.0,59719.0,59587.0,68251.0,71612.0,60252.0,55696.0,44003.0,42576.0,46854.0,51587.0,61799.0,53531.0,70724.0,41311.0,44850.0,47726.0,51342.0,49897.0,49870.0,47547.0,39108.0,44584.0,46742.0,53368.0,52211.0,47160.0,49221,45256.0,40761,43177,46095,54380.0,49904.0,46838,38036.0,39491.0,42248,46893.0,56564,42073,56160.0,48853.0,37963.0,38839.0,42609.0,40342.0,41398.0,36496.0,30285.0,36303.0,33551.0,33561.0,41612,36551,39945,42378.0,38140.0,33928.0,48379.0,49760.0,49348.0,50701.0,48979.0,81251.0,68811.0,61607.0,56614.0,47519.0,53682.0,43206.0,56167.0,53242.0,55735.0,64535.0,55842.0,54055.0,51296.0,50321.0,54929.0,56052.0,60798.0,47766.0,53956.0,51888.0,44311.0,44986.0,58578.0,53121.0,43035.0,45151.0,41255.0,47041.0,49386.0,51646.0,67502.0,51701.0,48938.0,44436.0,50272.0,45900.0,49844.0,68620.0,55834.0,51328.0,41106.0,61860.0,46987.0,62119.0,79092.0,57471.0,69505.0,43064.0,36140.0,54606.0,58668.0,76472.0,53949.0,58040.0,45141.0,50493.0,47230.0,54651.0,57196.0,47575.0,49183.0,51062.0,56633.0,42204.0,53312.0,60278.0,42947.0,47454.0,41817.0,49795.0,51994.0,48501.0,65037.0,13247.0
